id,subject_id,term_id
1,1,1
2,2,1
3,3,2
4,4,3
5,5,4
6,6,5
7,7,6
8,8,7
9,9,8
10,10,9
11,11,10
12,12,11
13,13,12
14,14,13
15,15,14
16,16,15
17,17,16
18,18,17
19,19,18
20,20,19
21,21,20
22,22,21
23,23,22
24,24,23
25,25,24
26,26,25
27,27,26
28,28,27
29,29,28
30,30,29
31,31,30
32,32,31
33,33,32
34,34,33
35,35,34
36,36,35
37,37,36
38,38,37
39,39,38
40,40,39
41,41,40
42,42,41
43,43,42
44,44,43
45,45,44
408,46,45
47,47,46
48,48,47
49,49,48
50,50,49
51,51,50
52,52,51
53,53,52
54,54,53
55,55,54
56,56,55
57,57,56
58,58,57
59,59,58
60,60,59
61,61,60
62,62,61
63,63,62
64,64,63
65,65,64
66,66,65
67,67,66
68,68,67
69,69,68
70,70,69
71,71,70
72,72,71
73,73,72
74,74,73
75,75,74
76,76,75
77,77,76
390,78,77
79,79,78
80,80,79
81,81,80
82,82,36
83,83,81
84,84,82
85,85,83
86,86,84
87,87,85
88,88,86
89,89,87
90,90,88
91,91,89
92,92,90
93,93,91
94,94,92
95,95,93
96,96,94
97,97,95
98,98,96
99,99,97
100,100,98
101,101,99
102,102,100
103,103,101
104,104,102
105,105,103
106,106,104
107,107,105
108,108,106
109,109,107
110,110,108
111,111,109
112,112,110
113,113,111
114,114,112
115,115,113
116,116,114
117,117,115
118,118,116
119,119,117
120,120,118
121,121,119
122,122,120
123,123,121
124,124,124
125,125,125
126,126,126
127,127,127
128,128,128
129,129,129
130,130,130
131,131,131
132,132,132
133,133,133
134,134,134
135,135,135
136,136,136
137,137,137
138,138,138
139,139,139
140,140,140
141,141,141
157,157,155
158,158,156
159,159,157
160,160,158
161,161,159
162,162,160
163,163,161
164,164,162
165,165,163
166,166,164
167,167,165
168,168,166
169,169,167
170,170,168
171,171,169
172,172,170
173,173,171
174,174,172
175,175,173
176,176,174
177,177,76
178,178,175
179,179,176
180,180,177
181,181,178
182,182,179
183,183,180
184,184,181
185,185,182
186,186,183
187,187,184
188,188,185
189,189,186
191,191,188
192,192,189
193,193,190
194,194,191
195,195,192
196,196,193
197,197,194
198,198,195
199,199,196
200,200,197
201,201,198
202,202,199
203,203,200
204,204,201
205,205,202
206,206,203
207,207,204
208,208,107
209,209,205
210,210,206
211,211,207
212,212,208
213,213,209
214,214,76
215,215,210
216,216,211
217,217,212
218,218,213
219,219,214
220,220,215
221,221,216
222,222,217
223,223,218
224,224,219
225,225,220
226,226,221
227,227,222
228,228,223
229,229,224
230,230,225
231,230,226
232,230,227
233,231,228
234,232,229
235,233,230
236,234,231
237,235,232
238,236,233
239,237,234
240,238,235
241,239,236
242,240,237
243,241,238
244,242,239
245,243,240
246,244,241
247,245,242
248,246,243
249,247,244
250,248,245
251,249,246
252,250,247
253,251,248
254,252,249
255,253,250
256,254,251
257,255,252
258,256,253
259,257,254
260,258,255
261,259,256
262,260,257
263,261,258
264,262,259
265,263,260
266,264,261
267,265,262
268,266,263
269,267,264
270,268,265
271,269,266
272,270,267
273,271,268
274,272,269
275,273,270
276,274,271
277,275,272
278,276,273
279,277,274
280,278,275
281,279,276
282,280,277
283,281,278
284,282,279
285,283,280
286,284,281
287,285,282
288,286,283
289,287,284
290,288,285
291,289,286
292,290,287
293,291,288
294,292,289
295,293,290
296,294,291
297,295,292
298,296,293
299,297,294
300,298,295
301,299,296
302,300,297
303,301,298
304,302,299
305,303,300
306,304,301
307,305,302
308,306,303
309,307,304
310,308,305
311,309,306
312,310,307
313,311,308
314,312,309
315,313,310
316,314,311
317,315,312
318,316,313
319,317,314
320,318,315
321,319,316
322,320,317
323,321,318
324,322,319
325,323,320
326,324,321
327,325,322
328,326,323
329,327,324
330,328,325
331,329,326
332,330,327
333,331,328
334,332,329
335,333,330
336,334,331
337,335,332
338,336,333
339,337,334
340,338,335
341,339,336
342,340,337
343,341,338
344,342,339
345,343,340
346,344,341
347,345,342
348,346,343
349,347,344
350,348,345
351,349,346
352,350,347
353,351,348
354,352,349
355,353,350
356,354,351
357,355,352
358,356,353
359,357,354
360,358,355
361,359,356
362,360,357
363,361,358
364,362,359
365,363,360
366,364,361
367,365,362
368,366,363
369,367,364
370,368,365
371,369,366
372,370,367
373,371,368
374,372,369
375,373,370
376,374,371
377,375,372
378,376,373
379,377,374
380,378,375
381,379,376
382,380,377
383,381,378
384,382,379
385,383,380
386,384,381
387,385,382
388,386,383
389,387,384
391,388,385
392,389,386
393,390,387
394,390,388
395,391,389
396,392,390
397,393,391
398,394,392
399,395,393
400,396,394
401,397,395
402,398,396
403,398,397
404,399,398
405,400,399
407,401,400
409,402,401
410,403,402
411,404,403
412,405,404
413,406,405
414,407,406
415,408,407
416,409,408
417,410,409
418,411,40
419,412,410
420,413,411
421,414,412
422,415,413
423,416,414
424,417,415
425,418,416
426,419,417
427,420,216
428,421,418
429,422,419
430,423,420
433,426,423
434,427,424
435,428,425
436,429,426
437,430,427
438,431,428
439,432,429
440,433,430
441,434,431
442,435,432
443,436,433
444,437,434
445,438,435
446,439,436
447,440,437
448,441,438
449,442,439
450,443,440
451,444,441
452,445,442
453,446,443
454,447,444
455,448,445
456,449,446
457,450,447
458,451,448
459,451,449
460,451,450
461,452,448
463,452,450
462,452,451
465,453,450
464,453,452
466,454,453
467,454,454
468,455,455
470,456,449
471,456,454
469,456,456
472,457,457
473,457,458
474,458,459
475,458,460
476,459,461
480,460,465
949,461,463
950,461,904
479,462,464
481,463,466
482,464,467
483,465,468
484,466,469
485,467,470
486,468,471
487,469,472
488,470,473
489,470,474
490,471,475
491,472,476
492,473,477
493,474,478
494,475,479
495,476,480
496,477,481
497,478,482
498,479,483
499,480,484
500,481,485
501,482,486
502,482,487
503,482,488
504,482,489
505,483,85
507,483,487
508,483,489
506,483,490
510,484,487
511,484,488
512,484,489
509,484,491
514,485,487
515,485,488
516,485,489
513,485,492
518,486,488
519,486,489
517,486,490
521,487,488
522,487,489
520,487,493
524,488,487
525,488,488
526,488,489
523,488,494
528,489,487
529,489,488
530,489,489
527,489,495
531,490,497
532,491,498
535,494,501
536,495,502
537,496,503
538,497,504
539,498,505
540,499,506
541,500,507
542,501,508
543,502,509
544,503,510
545,504,511
546,505,512
547,506,513
548,507,514
549,508,515
550,509,516
551,510,517
552,511,518
553,512,519
554,513,520
555,514,521
556,515,522
557,516,523
558,517,524
559,518,525
560,519,526
561,520,527
562,521,528
563,522,529
564,523,530
565,524,531
566,525,532
567,526,533
568,527,534
569,528,535
570,529,536
571,530,537
572,531,538
573,532,539
574,533,540
575,534,541
576,535,542
577,536,543
578,537,544
579,538,545
580,539,546
581,540,547
582,541,548
583,542,549
584,543,550
585,544,551
586,545,552
587,546,553
588,547,554
589,548,555
590,549,556
591,550,557
592,551,558
593,552,559
594,553,121
595,554,117
596,555,120
597,556,560
598,557,561
599,558,562
600,559,563
601,560,564
602,561,565
603,562,566
604,563,567
605,564,568
606,565,569
607,566,570
608,567,571
609,568,572
610,569,573
611,570,524
613,571,524
612,571,574
615,572,524
614,572,575
617,573,524
616,573,576
618,574,577
620,575,524
619,575,578
622,576,524
621,576,579
623,577,580
624,578,581
760,714,716
761,715,717
762,716,718
763,717,719
764,718,720
765,719,721
766,720,78
767,721,722
768,722,723
769,723,724
770,724,725
771,725,726
772,726,727
773,727,728
774,728,729
775,729,730
776,730,731
777,731,732
778,732,733
779,733,734
780,734,735
781,735,736
782,736,737
783,737,738
784,738,739
785,739,740
786,740,741
787,741,742
788,742,743
789,743,744
790,744,745
791,745,746
792,746,747
793,747,748
794,748,749
795,749,750
796,750,751
797,751,752
798,752,753
799,753,754
800,754,755
801,755,756
802,756,757
803,757,758
804,758,759
805,759,760
806,760,761
807,761,762
808,762,763
809,763,764
810,764,765
811,765,766
812,766,767
813,767,768
814,768,769
815,769,770
816,770,771
817,771,772
818,772,773
819,773,774
820,774,775
821,775,776
822,776,777
823,777,778
824,778,779
825,779,780
826,780,781
827,781,782
828,782,783
829,783,784
830,784,785
831,785,786
832,786,787
833,787,788
834,788,789
835,789,790
836,790,791
837,791,792
838,792,793
839,793,794
840,794,795
841,795,796
842,796,797
843,797,798
844,798,799
845,799,800
846,800,801
847,801,802
848,802,803
849,803,804
850,804,805
851,805,806
852,806,807
853,807,808
854,808,809
855,809,810
856,810,811
857,811,812
858,812,813
859,813,814
860,814,815
861,815,816
862,816,817
863,817,818
864,818,819
865,819,820
866,820,821
867,821,822
868,822,823
869,823,824
870,824,825
871,825,826
872,826,827
873,827,828
874,828,829
875,829,830
876,830,831
877,831,832
878,832,833
879,833,834
880,834,835
881,835,836
882,836,837
883,837,838
884,838,839
885,839,840
886,840,841
887,841,842
888,842,843
889,843,844
890,844,845
891,845,846
892,846,847
893,847,848
894,848,849
895,849,850
896,850,851
897,851,852
898,852,853
899,853,854
900,854,855
901,855,856
902,856,857
903,857,858
904,858,859
905,859,860
906,860,861
907,861,862
908,862,863
909,863,864
910,864,865
911,865,866
912,866,867
913,867,868
914,868,869
915,869,870
916,870,871
917,871,872
918,872,873
919,873,874
920,874,875
921,875,876
922,876,877
923,877,878
924,878,879
925,879,880
926,880,881
927,881,882
928,882,883
929,883,884
930,884,885
931,885,886
932,886,887
933,887,888
934,888,889
935,889,890
936,890,891
937,891,892
938,892,893
939,893,894
940,894,895
941,895,896
942,896,897
943,897,898
944,898,899
945,899,900
946,900,901
947,901,902
948,902,903
955,904,487
954,904,907
959,906,911
960,907,912
961,908,913
962,909,914
963,910,915
964,911,916
965,911,917
966,912,918
967,913,919
968,914,922
969,915,923
970,916,924
971,917,925
972,918,926
973,919,927
974,920,928
975,921,929
976,922,930
