id,lock_version,json_schema_version,publish,"created_by","last_modified_by","create_time","system_mtime","user_mtime","agent_sha1"
1,19,1,0,NULL,NULL,"2015-12-08 18:55:13","2017-07-13 22:14:18","2015-12-08 18:55:13","34b9f8e2743cd3b6350abb05af694ff4ca399402"
2,2,1,0,"admin","admin","2016-01-11 10:38:09","2017-07-13 22:14:18","2016-01-11 10:38:09","439c0f62be19d316bcc93f51a8ac1f38e3d131c3"
3,0,1,0,"admin","admin","2016-01-15 17:50:32","2017-07-13 22:14:18","2016-01-15 17:50:32","db9751df436d10aba5bdb84cd6b07b09ec4e2c9f"
4,11,1,1,"admin","admin","2016-01-21 02:58:45","2017-07-13 22:14:18","2016-06-20 17:47:44","d20660c2127fe20d5d0f7d72553baf156d33cceb"
6,4,1,0,"admin","admin","2016-01-24 13:21:28","2017-07-13 22:14:18","2016-01-24 13:21:28","b8c929457bd756811c6e2c16ba14506de6790962"
7,4,1,0,"admin","admin","2016-01-24 13:21:28","2017-07-13 22:14:18","2016-07-17 20:25:28","2dae3a484edb6b24ad36f6de5744da5eb98d5d18"
8,3,1,0,"admin","admin","2016-01-24 13:21:28","2017-07-13 22:14:18","2016-01-24 13:21:28","cb94bcc0add3cff899e6b849f4c826e6d250caf8"
9,2,1,0,"admin","admin","2016-01-24 13:21:28","2017-07-13 22:14:18","2016-01-24 13:21:28","c2c66933b9023ee3160ee888de25d4ddce8b6021"
10,1,1,0,"admin","admin","2016-01-24 13:21:28","2017-07-13 22:14:18","2016-01-24 13:21:28","433d4b73139a18e398697113ae75b224e0acf62e"
11,1,1,0,"admin","admin","2016-01-24 13:21:28","2017-07-13 22:14:18","2016-01-24 13:21:28","e1fc196c25486e8a519bdff1032eac58f3b794eb"
12,1,1,0,"admin","admin","2016-01-24 13:21:28","2017-07-13 22:14:18","2016-01-24 13:21:28","654784e6268fd72e25509d63b14fa44e04b85c68"
13,1,1,0,"admin","admin","2016-01-24 13:21:28","2017-07-13 22:14:18","2016-01-24 13:21:28","7bb4f1a542111c3a73537050c331fdc3f9f3b00f"
14,9,1,0,"admin","admin","2016-01-28 12:59:14","2017-07-13 22:14:18","2016-01-28 12:59:14","5142e03bbe5b6f75852870d8d10f1986f049e307"
15,0,1,0,NULL,NULL,"2016-01-28 18:52:05","2017-07-13 22:14:18","2016-01-28 18:52:05","bb619c2807d92a0a4c101a747916bc9231e4122e"
16,0,1,0,NULL,NULL,"2016-02-02 20:08:53","2017-07-13 22:14:18","2016-02-02 20:08:53","9b8666d9accd2cbc96b26981dc01fd8f665202a2"
17,10,1,0,"admin","admin","2016-02-03 16:29:11","2017-07-13 22:14:18","2016-02-03 16:29:11","14b6571964a2c2e66823f3a7d0a23ab5af6f3bfb"
19,4,1,0,"admin","admin","2016-02-05 21:24:49","2017-07-13 22:14:18","2016-02-05 21:24:49","77ba8f57884171595d72b15bf44a1de0e7c51b36"
20,3,1,0,"admin","admin","2016-02-05 21:24:49","2017-07-13 22:14:18","2016-02-05 21:24:49","60f22056c611243db19800bafd59175c63d3e3f3"
21,4,1,0,"admin","admin","2016-02-05 21:24:49","2017-07-13 22:14:18","2016-02-05 21:24:49","3eaa8f8da56675f143ab350feabd3e833cceb7d8"
22,4,1,0,"admin","admin","2016-02-05 21:24:49","2017-07-13 22:14:18","2016-02-05 21:24:49","1a47c7dc100378811f21e453437647ca5bfaeaca"
23,2,1,0,"admin","admin","2016-02-05 21:24:49","2017-07-13 22:14:18","2016-02-05 21:24:49","ec1997c33a260eb5161b7620ed424b838aadc75f"
24,2,1,0,"admin","admin","2016-02-05 21:24:49","2017-07-13 22:14:18","2016-02-05 21:24:49","8a771201594073a0c81dfbb3017739444c4ea1c8"
25,3,1,0,"admin","admin","2016-02-05 21:24:49","2017-07-13 22:14:18","2016-02-05 21:24:49","c668adbb3eaf8f56a39d09f4d643dbef3dc9a0c7"
26,2,1,0,"admin","admin","2016-02-05 21:24:49","2017-07-13 22:14:18","2016-02-05 21:24:49","21f964d43f98d563b4aca89c3ad562630850a131"
27,2,1,0,"admin","admin","2016-02-05 21:24:49","2017-07-13 22:14:18","2016-02-05 21:24:49","80cc5edf6151b6d77671a18946bc3046b90f10e9"
28,2,1,0,"admin","admin","2016-02-05 21:24:49","2017-07-13 22:14:18","2016-02-05 21:24:49","3b54bc49a75465b45c89b6cb287774d38429f536"
29,2,1,0,"admin","admin","2016-02-05 21:24:49","2017-07-13 22:14:18","2016-02-05 21:24:49","e830f54a26ecd85b736f06dcf3e37546aba52357"
30,2,1,0,"admin","admin","2016-02-05 21:24:49","2017-07-13 22:14:18","2016-02-05 21:24:49","e7cbbd609b893eec8894167d30410baf789166fb"
31,2,1,0,"admin","admin","2016-02-05 21:24:49","2017-07-13 22:14:18","2016-02-05 21:24:49","e5c256b444f47daad5c083e950f2218f6f3185cd"
32,2,1,0,"admin","admin","2016-02-05 21:24:49","2017-07-13 22:14:18","2016-02-05 21:24:49","6cc653a65dcbd5dbafd331aca32d0004402a62b6"
33,2,1,0,"admin","admin","2016-02-05 21:39:24","2017-07-13 22:14:18","2016-02-05 21:39:24","92bfc59ab154164b763b47c9650747eca09fbe64"
34,2,1,0,"admin","admin","2016-02-05 21:39:24","2017-07-13 22:14:18","2016-02-05 21:39:24","193c31c466c2679dd0f5ab7bfa50904b7567f8a1"
35,2,1,0,"admin","admin","2016-02-05 21:39:25","2017-07-13 22:14:18","2016-02-05 21:39:25","5c159cbed56c0eb9b9847e184c9e22a903c8ec0e"
36,2,1,0,"admin","admin","2016-02-05 21:39:25","2017-07-13 22:14:18","2016-02-05 21:39:25","80bcbb570c58d41469e75157587b270d26cf7975"
37,2,1,0,"admin","admin","2016-02-05 21:39:25","2017-07-13 22:14:18","2016-02-05 21:39:25","6872af371f31d61d87516e309559183feaec6ae4"
38,2,1,0,"admin","admin","2016-02-05 21:39:25","2017-07-13 22:14:18","2016-02-05 21:39:25","0abb42eb21436a74d1b4d06d7e87f4d3524aee53"
39,2,1,0,"admin","admin","2016-02-05 21:39:25","2017-07-13 22:14:18","2016-02-05 21:39:25","a8f18d5915f51689b1533871c84ba037cfd33a60"
40,2,1,0,"admin","admin","2016-02-05 21:39:25","2017-07-13 22:14:18","2016-02-05 21:39:25","58bd4cf730d31953969c6a9f6edfe14ff14ccc4b"
41,2,1,0,"admin","admin","2016-02-05 21:39:25","2017-07-13 22:14:18","2016-02-05 21:39:25","71563e1ab08b9ed9e4116d644ece711afdb166e3"
42,2,1,0,"admin","admin","2016-02-05 21:39:25","2017-07-13 22:14:18","2016-02-05 21:39:25","4b321983adaf72a047b62915a354a96c7f49277c"
43,2,1,0,"admin","admin","2016-02-05 21:39:25","2017-07-13 22:14:18","2016-02-05 21:39:25","adf11bcffd168d6e0426386dfeafc62d10d07b4d"
44,2,1,0,"admin","admin","2016-02-05 21:39:25","2017-07-13 22:14:18","2016-02-05 21:39:25","1adc923151e8382eb06a678122c5406275978fe4"
45,2,1,0,"admin","admin","2016-02-05 21:39:25","2017-07-13 22:14:18","2016-02-05 21:39:25","c3ba92d2b717db5654309c1ea81587473b2e4816"
46,2,1,0,"admin","admin","2016-02-05 21:39:25","2017-07-13 22:14:18","2016-02-05 21:39:25","25ea9feda76e490eaeb77b6ff7c735514e183e09"
47,2,1,0,"admin","admin","2016-02-05 21:39:25","2017-07-13 22:14:18","2016-02-05 21:39:25","82fba57a4ed2aa96644761c5a15774dfc5c209ee"
48,2,1,0,"admin","admin","2016-02-05 21:39:25","2017-07-13 22:14:18","2016-02-05 21:39:25","216b8ad98f7b3369336d9738ebc82d61f3691536"
49,2,1,0,"admin","admin","2016-02-05 21:39:25","2017-07-13 22:14:18","2016-02-05 21:39:25","a0ff16dee1e22aeb8fd67456a2390fc49696571d"
50,2,1,0,"admin","admin","2016-02-05 21:39:25","2017-07-13 22:14:18","2016-02-05 21:39:25","bd483cfd5872e78409191028af99a2ca2c56e315"
51,2,1,0,"admin","admin","2016-02-05 21:39:25","2017-07-13 22:14:18","2016-02-05 21:39:25","1b40276a7a2d58fd8f4ae3de554a836f1acb3f1d"
52,2,1,0,"admin","admin","2016-02-05 21:39:25","2017-07-13 22:14:18","2016-02-05 21:39:25","3a03afd77cfc8831b24f61e3704104c126b9b4f0"
53,2,1,0,"admin","admin","2016-02-05 21:39:25","2017-07-13 22:14:18","2016-02-05 21:39:25","830e43efaf23d1b2b0e25fdf211aec4d43cc699b"
54,2,1,0,"admin","admin","2016-02-05 21:39:25","2017-07-13 22:14:18","2016-02-05 21:39:25","9336813acb586159ec4c751040c3a118d9c688b3"
55,2,1,0,"admin","admin","2016-02-05 21:39:25","2017-07-13 22:14:18","2016-02-05 21:39:25","88a3a077c65f95f5fb84058ab14ba799adf8b1f8"
56,2,1,0,"admin","admin","2016-02-05 21:39:25","2017-07-13 22:14:18","2016-02-05 21:39:25","a8ac8fc71cc567f08b8a9b05421ff8bcbf720a1e"
57,2,1,0,"admin","admin","2016-02-05 21:39:25","2017-07-13 22:14:18","2016-02-05 21:39:25","5f58b64e5e933b67b3557a4fe20366bcdb6f8c8f"
58,78,1,0,"admin","admin","2016-02-10 13:38:58","2017-07-13 22:14:18","2016-02-10 13:38:58","276ac198ed73c36d222d79885118a3a7cbdcfe1a"
59,15,1,0,"admin","admin","2016-02-10 13:38:59","2017-07-13 22:14:18","2016-02-10 13:38:59","39bf1ab1bd89fa258196a9508e3bcef3431a23e2"
60,14,1,0,"admin","admin","2016-02-10 13:38:59","2017-07-13 22:14:18","2016-02-10 13:38:59","394d6eb86a2510521bcd047f2457563f69f90288"
61,15,1,0,"admin","admin","2016-02-10 13:38:59","2017-07-13 22:14:18","2016-02-10 13:38:59","e596423c8ebb28cb3d7e09f4b1916c5a820ee1e3"
62,14,1,0,"admin","admin","2016-02-10 13:38:59","2017-07-13 22:14:18","2016-02-10 13:38:59","35dd70c1eee5240a4a0a3a8bfaade6bf94e82154"
63,21,1,0,"admin","admin","2016-02-10 13:39:41","2017-07-13 22:14:18","2016-02-10 13:39:41","925bae9a9218ef12850203345a164e8f2bca0f0d"
64,8,1,0,"admin","admin","2016-02-10 13:39:41","2017-07-13 22:14:18","2016-02-10 13:39:41","ea9f42db184dcff01bd79eb8a51611f7a52b7954"
65,19,1,1,"admin","admin","2016-02-10 13:39:41","2017-07-13 22:14:18","2017-04-12 23:06:38","89c1d7bd5e04e68b829b65a537f2a0c1dc559171"
66,8,1,0,"admin","admin","2016-02-10 13:39:41","2017-07-13 22:14:18","2016-02-10 13:39:41","c100bbed8f3d57cd3cf5261f273a4385d588fc7a"
67,12,1,0,"admin","admin","2016-02-10 13:39:41","2017-07-13 22:14:18","2016-02-10 13:39:41","7a66abcc95b7fce066fca977dee2ca9e2e690d2e"
68,14,1,0,"admin","admin","2016-02-10 13:39:41","2017-07-13 22:14:18","2016-02-10 13:39:41","33134d5a261b9abdc8ba5d6d64e8420fbf862ff6"
69,9,1,0,"admin","admin","2016-02-10 13:39:41","2017-07-13 22:14:18","2016-02-10 13:39:41","3d278e11360547612f09857638ac66edff5573a5"
70,2,1,0,"admin","admin","2016-02-10 13:39:41","2017-07-13 22:14:18","2016-02-10 13:39:41","28d7a73bdacfb9a7abc86d813c035d7013794f9d"
71,7,1,0,"admin","admin","2016-02-10 13:41:00","2017-07-13 22:14:18","2016-02-10 13:41:00","ec249ba0aeb4c5b2f2802bacdf89da244b545f94"
72,0,1,0,"admin","admin","2016-02-10 13:41:35","2017-07-13 22:14:18","2016-02-10 13:41:35","eca12f6a8910fbb4f7365f63f5ce56d869f73672"
73,14,1,0,"admin","admin","2016-02-10 13:43:35","2017-07-13 22:14:18","2016-02-10 13:43:35","5293ab3989f5ba6f248b5134597262efa5176c18"
74,10,1,0,"admin","admin","2016-02-10 13:45:10","2017-07-13 22:14:18","2016-02-10 13:45:10","cbfd8e430dddbc861c5b451bbe63e54b79326c84"
75,7,1,0,"admin","admin","2016-02-10 13:45:10","2017-07-13 22:14:18","2016-02-10 13:45:10","c143752cf35e96beea9cc8a4b2a60087e7b1a4b2"
76,7,1,0,"admin","admin","2016-02-11 16:07:46","2017-07-13 22:14:18","2016-02-11 16:07:46","e81f98abf7e7e69072ace657197daeea8bbad0dd"
77,1,1,0,"admin","admin","2016-02-11 16:07:47","2017-07-13 22:14:18","2016-02-11 16:07:47","6e268beba7122a2850e4911032b203e758649559"
78,2,1,0,"admin","admin","2016-02-11 16:07:47","2017-07-13 22:14:18","2016-02-11 16:07:47","b1417f0b52f3513ab8bc25dfeb88eef5aa84113f"
79,1,1,0,"admin","admin","2016-02-11 16:07:48","2017-07-13 22:14:18","2016-02-11 16:07:48","4ce816b8cf0e2e8df2e47c02fb154c8e82bed5ef"
80,3,1,0,"admin","admin","2016-02-23 19:27:16","2017-07-13 22:14:18","2016-02-23 19:27:16","b4fe1cab3e14683423e8043fe69b2cd808ce584f"
81,2,1,0,"admin","admin","2016-02-23 19:27:17","2017-07-13 22:14:18","2016-02-23 19:27:17","db8014ffe7157ca8800f00d1e7ac63a01ce469c4"
82,2,1,0,"admin","admin","2016-02-24 02:46:05","2017-07-13 22:14:18","2016-02-24 02:46:05","0b44812a79e922a9ce780df886ceed26036972c0"
83,0,1,0,"admin","admin","2016-02-25 15:00:45","2017-07-13 22:14:18","2016-02-25 15:00:45","45db57e729784a3ef5cb5fcdfc122ae2f1ea8e47"
84,2,1,0,"admin","admin","2016-02-25 15:00:45","2017-07-13 22:14:18","2016-02-25 15:00:45","73ba3b9ac5448b1501072bdd4be24cfe56c8e8ee"
85,10,1,0,"admin","admin","2016-02-29 19:59:13","2017-07-13 22:14:18","2016-02-29 19:59:13","d1a5de40a91c1fc84b3e11f99de798ac9de8f96c"
86,10,1,0,"admin","admin","2016-02-29 19:59:13","2017-07-13 22:14:18","2016-02-29 19:59:13","d0a2b584e43c0624e6e4c6eefbab165002259c88"
87,10,1,0,"admin","admin","2016-02-29 19:59:13","2017-07-13 22:14:18","2016-02-29 19:59:13","060a19c7359f4f39981fd43e67e10046244ed0d7"
88,10,1,0,"admin","admin","2016-02-29 19:59:13","2017-07-13 22:14:18","2016-02-29 19:59:13","57bc18365f7cfa607d09c93f18ba3133f5083c3c"
89,10,1,0,"admin","admin","2016-02-29 19:59:13","2017-07-13 22:14:18","2016-02-29 19:59:13","2b62f7288c505aefd4ca0d0352bbffbff22874cf"
90,10,1,0,"admin","admin","2016-02-29 19:59:13","2017-07-13 22:14:18","2016-02-29 19:59:13","f8c20af42a36fa3028368ebb7050f64ec72cdf33"
91,10,1,0,"admin","admin","2016-02-29 19:59:13","2017-07-13 22:14:18","2016-02-29 19:59:13","44e6e26011f3b3b8fca4bf4ad4af8e2ae3c74b07"
92,10,1,0,"admin","admin","2016-02-29 19:59:14","2017-07-13 22:14:18","2016-02-29 19:59:14","ac8919e09d2e7ddf95f3bdd64fad90442c701774"
93,10,1,0,"admin","admin","2016-02-29 19:59:14","2017-07-13 22:14:18","2016-02-29 19:59:14","a487ffc1cc8c1cff88e676724450f4ccfcb994e9"
94,11,1,0,"admin","admin","2016-02-29 19:59:14","2017-07-13 22:14:18","2016-02-29 19:59:14","ea3765fddcba4eff5095e57107d26b6c8f264f19"
95,10,1,0,"admin","admin","2016-02-29 19:59:14","2017-07-13 22:14:18","2016-02-29 19:59:14","67f77a710350677883bd46fa3defc40369330130"
96,10,1,0,"admin","admin","2016-02-29 19:59:14","2017-07-13 22:14:18","2016-02-29 19:59:14","0b2923706ae49eec2456af26e02c215428ab73c7"
97,10,1,0,"admin","admin","2016-02-29 19:59:14","2017-07-13 22:14:18","2016-02-29 19:59:14","c1a63b84457a8f3b05d507fe6da9377c878a6e4c"
98,10,1,0,"admin","admin","2016-02-29 19:59:14","2017-07-13 22:14:18","2016-02-29 19:59:14","d5a647fbf75b4ecc9660bda90f1aece1b7c5edae"
99,10,1,0,"admin","admin","2016-02-29 19:59:14","2017-07-13 22:14:18","2016-02-29 19:59:14","2d709de88c655ebaecbcfeeb55ca482069f302f6"
100,10,1,0,"admin","admin","2016-02-29 19:59:14","2017-07-13 22:14:18","2016-02-29 19:59:14","35c1cfd59d0f6ca1bfd950a8b0029d3c30f27b11"
101,10,1,0,"admin","admin","2016-02-29 19:59:14","2017-07-13 22:14:18","2016-02-29 19:59:14","62882db2b0b01e0a94ee57755087bb4c1aa97e82"
102,10,1,0,"admin","admin","2016-02-29 19:59:14","2017-07-13 22:14:18","2016-02-29 19:59:14","d5a8297c6084ee21ce41a5aab4a141c37a55ad9c"
103,10,1,0,"admin","admin","2016-02-29 19:59:14","2017-07-13 22:14:18","2016-02-29 19:59:14","eedca50be304832162b6043aaac7f8691ab4c896"
104,10,1,0,"admin","admin","2016-02-29 19:59:14","2017-07-13 22:14:18","2016-02-29 19:59:14","5cac2c8ebd438932f483b97635d225d00078744a"
105,10,1,0,"admin","admin","2016-02-29 19:59:14","2017-07-13 22:14:18","2016-02-29 19:59:14","f3d43980dacb5bd52bd87ed6c4bbe5363734b382"
106,0,1,0,NULL,NULL,"2016-03-03 16:14:25","2017-07-13 22:14:18","2016-03-03 16:14:25","7b0845e85d25e2110728454bbaf6a75a2ad60c72"
107,2,1,0,"admin","admin","2016-03-04 14:43:22","2017-07-13 22:14:18","2016-03-04 14:43:22","ca97d8428d476461cdf40601d6c381881ca17fae"
108,5,1,0,"admin","admin","2016-03-04 14:43:22","2017-07-13 22:14:18","2016-03-04 14:43:22","ff68a844580277caa95e7e05849fffc7211e5b6a"
109,5,1,0,"admin","admin","2016-03-04 14:43:22","2017-07-13 22:14:18","2016-03-04 14:43:22","9fb86af059e9235c5ab9bee0cf22862662108c6c"
110,5,1,0,"admin","admin","2016-03-04 14:43:22","2017-07-13 22:14:18","2016-03-04 14:43:22","d90fe6470b48a94c653a52f4947fe656d61982df"
111,5,1,0,"admin","admin","2016-03-04 14:43:22","2017-07-13 22:14:18","2016-03-04 14:43:22","9d838e3f8fa6d087cb5c0f8fd23453ba50ee1daf"
112,1,1,0,"admin","admin","2016-03-09 15:06:18","2017-07-13 22:14:18","2016-03-09 15:06:18","54acecda212035d5bbc084883854997842d229ff"
113,1,1,0,"admin","admin","2016-03-15 18:36:11","2017-07-13 22:14:18","2016-03-15 18:36:11","7675f54919213ff275214198865d3d593de0b29c"
114,2,1,0,"admin","admin","2016-03-17 14:34:40","2017-07-13 22:14:18","2016-10-14 19:36:27","1a0a7af185bbf11842385743742b14ceef4bb93e"
115,0,1,0,"admin","admin","2016-03-22 16:58:43","2017-07-13 22:14:18","2016-03-22 16:58:43","9cea4be0e6a352e92741006731ec38f71b83d262"
116,6,1,0,"admin","admin","2016-03-24 15:17:25","2017-07-13 22:14:18","2016-03-24 15:17:25","980a0264db1a04d67ffd949184b557647689a351"
117,14,1,0,"admin","admin","2016-03-24 15:17:26","2017-07-13 22:14:18","2016-03-24 15:17:26","4fa97c8641a8e09878296009ca55af0bc1d8228b"
118,4,1,0,"admin","admin","2016-03-24 15:17:26","2017-07-13 22:14:18","2016-03-24 15:17:26","989dd9bf78598340aff2126cacfd1b252a0783c3"
119,2,1,0,"admin","admin","2016-03-24 15:17:26","2017-07-13 22:14:18","2016-03-24 15:17:26","df684972fdd2cd1fd7acda1f2d151e4d4b0c5684"
120,1,1,0,"admin","admin","2016-03-24 15:17:26","2017-07-13 22:14:18","2016-03-24 15:17:26","d3788871efd288098ccb14eb3697aa1096cfea30"
121,1,1,0,"admin","admin","2016-03-24 15:17:26","2017-07-13 22:14:18","2016-03-24 15:17:26","12bc5990970ca1d783efb8f727c0c884ce294bf0"
122,1,1,0,"admin","admin","2016-03-24 15:17:27","2017-07-13 22:14:18","2016-03-24 15:17:27","c724aa44c6db7477895ce18966f859412d0612f3"
123,1,1,0,"admin","admin","2016-03-24 15:17:27","2017-07-13 22:14:18","2016-03-24 15:17:27","47e693065add2ae4be3c0a265cd6b7d17996df9d"
126,3,1,0,"admin","admin","2016-04-01 15:48:04","2017-07-13 22:14:18","2016-04-01 15:48:04","bc83dade3403b8d6cc95cd220fbfc1032ef02e8f"
128,1,1,NULL,"buschedw","buschedw","2016-04-11 14:52:29","2017-07-13 22:14:18","2016-04-11 14:52:29","7d49682bdbba464652c321e1771cb40673f409f1"
129,1,1,NULL,"buschedw","buschedw","2016-04-11 14:52:29","2017-07-13 22:14:18","2016-04-11 14:52:29","7711a44f857fe23d36f54a2a18e2eb9b0328433c"
130,1,1,NULL,"buschedw","buschedw","2016-04-11 14:52:29","2017-07-13 22:14:18","2016-04-11 14:52:29","01fb78a69ff0167fbd70a646b790417c5c9d076a"
136,1,1,NULL,"buschedw","buschedw","2016-04-11 15:19:49","2017-07-13 22:14:18","2016-04-11 15:19:49","f222e496a612ccdeba76d2bd14afe8f5d10027c6"
137,1,1,NULL,"buschedw","buschedw","2016-04-11 15:19:50","2017-07-13 22:14:18","2016-04-11 15:19:50","97436689c19fd21a894a61108496862c77558f9f"
138,11,1,1,"buschedw","admin","2016-04-11 15:20:42","2017-07-13 22:14:18","2017-02-15 21:29:41","aceea3be5fa2fdfcd514bbb1e4b79897df922d5b"
139,2,1,NULL,"buschedw","buschedw","2016-04-11 15:20:42","2017-07-13 22:14:18","2016-04-11 15:20:42","32ecb069046f3387f28eb89a7a914538b9a946cd"
140,2,1,NULL,"buschedw","buschedw","2016-04-11 15:20:42","2017-07-13 22:14:18","2016-04-11 15:20:42","c9ad7444743d794fee4b0833e48ed09e27036c09"
141,1,1,NULL,"buschedw","buschedw","2016-04-11 15:20:42","2017-07-13 22:14:18","2016-04-11 15:20:42","d1b87bed7ee9e7125277825160dacf4feb716bfc"
142,1,1,NULL,"buschedw","buschedw","2016-04-11 15:20:42","2017-07-13 22:14:18","2016-04-11 15:20:42","aaed55c0e7003db19fb58d54736cc848f54d47b0"
143,1,1,NULL,"buschedw","buschedw","2016-04-11 15:20:42","2017-07-13 22:14:18","2016-04-11 15:20:42","afe6868c7b50d35472f6fbbb4e03d3439ad5568d"
144,1,1,NULL,"buschedw","buschedw","2016-04-11 15:20:42","2017-07-13 22:14:18","2016-04-11 15:20:42","2aa45dd9265f6ab341947252d7d1d57517ba3daa"
145,1,1,NULL,"buschedw","buschedw","2016-04-11 15:20:42","2017-07-13 22:14:18","2016-04-11 15:20:42","0eb125ea681278391649beedee24005c806bb20a"
146,1,1,NULL,"buschedw","buschedw","2016-04-11 15:20:42","2017-07-13 22:14:18","2016-04-11 15:20:42","67157c23a61fb251868728c02788e98791277ecc"
147,1,1,NULL,"buschedw","buschedw","2016-04-11 15:20:42","2017-07-13 22:14:18","2016-04-11 15:20:42","d337f17286544ae33458a5e88a9ae9c9301da37a"
148,1,1,NULL,"buschedw","buschedw","2016-04-11 15:20:42","2017-07-13 22:14:18","2016-04-11 15:20:42","8da207931a20154a129991af46bdf736a922d5a8"
149,1,1,NULL,"buschedw","buschedw","2016-04-11 15:20:42","2017-07-13 22:14:18","2016-04-11 15:20:42","0cfa5eab2a722571032a83bf13d9a675f26916a8"
150,1,1,NULL,"buschedw","buschedw","2016-04-11 15:20:42","2017-07-13 22:14:18","2016-04-11 15:20:42","0c4e684996e55470a73d7236b129502455aea799"
151,12,1,0,"admin","admin","2016-04-22 19:41:44","2017-07-13 22:14:18","2016-04-22 19:41:44","f0568d17ba34e8de0a40928b7fb94630310acb84"
152,24,1,0,"admin","admin","2016-04-22 19:41:44","2017-07-13 22:14:18","2016-04-22 19:41:44","a8502024421cfaca89bbec5c106a05a50fa549e6"
153,13,1,0,"admin","admin","2016-04-22 19:41:44","2017-07-13 22:14:18","2016-04-22 19:41:44","4640a3f10cc759cd2856952eac2720138d87d72c"
154,13,1,0,"admin","admin","2016-04-22 19:41:44","2017-07-13 22:14:18","2016-04-22 19:41:44","ae5cd419b6e9a3f714a351856562fbe130f71d55"
156,4,1,0,"admin","admin","2016-04-26 20:16:05","2017-07-13 22:14:18","2017-04-07 16:38:18","bf4f8f74218e77257c9e27c53e9a0bbeb26589cd"
158,3,1,0,"admin","admin","2016-05-09 02:18:14","2017-07-13 22:14:18","2016-05-09 02:18:14","cf1614fa8a0b971c07961272179a6cb143205ec8"
159,6,1,0,"admin","admin","2016-05-09 18:41:02","2017-07-13 22:14:18","2016-05-09 18:41:02","d20676ba4335946f9d4fd6d98653025591c78a80"
161,1,1,NULL,"test-user","test-user","2016-05-11 23:28:57","2017-07-13 22:14:18","2016-05-11 23:28:57","f1672c3bc2a3b755b2bb5d949444f370508a8625"
162,1,1,1,"admin","admin","2016-05-12 18:48:24","2017-07-13 22:14:18","2016-05-12 18:48:42","81e95f22c7618fac497023aa433d020fb3624c6a"
163,0,1,0,"admin","admin","2016-05-12 20:51:50","2017-07-13 22:14:18","2016-05-12 20:51:50","b3bcee84c3d30747d09c25862ec993158ba14826"
165,0,1,0,"admin","admin","2016-05-13 15:10:00","2017-07-13 22:14:18","2016-05-13 15:10:00","a3cad32d94e8d36290dc75730d6be031a345bf14"
166,6,1,0,"admin","admin","2016-05-13 18:31:33","2017-07-13 22:14:18","2016-05-13 18:31:33","c9f2995d8513a1a9197815693363f62f0688254e"
167,6,1,0,"admin","admin","2016-05-13 18:31:33","2017-07-13 22:14:18","2016-05-13 18:31:33","9658f5fe8725962f4cb9cd1729a309584192d3d7"
168,6,1,0,"admin","admin","2016-05-13 18:31:33","2017-07-13 22:14:18","2016-05-13 18:31:33","966ae527f32e51538748da84bc9a98cdbb15df30"
169,10,1,0,"admin","admin","2016-05-13 18:31:33","2017-07-13 22:14:18","2016-05-13 18:31:33","370bc1955f5b81f7f4ac11784bbade7def2972eb"
170,3,1,0,"admin","admin","2016-05-13 18:31:33","2017-07-13 22:14:18","2016-05-13 18:31:33","680e887df140b86efdd765b1f26772bdab41cbe0"
171,6,1,0,"admin","admin","2016-05-13 18:31:33","2017-07-13 22:14:18","2016-05-13 18:31:33","eebe8cff7a8695d698a93178c05f8cbe87d6d35b"
172,9,1,0,"admin","admin","2016-05-13 18:31:33","2017-07-13 22:14:18","2016-05-13 18:31:33","997cfb77e40ef3272808b039c02f2bc079f3ab7e"
173,4,1,0,"admin","admin","2016-05-13 18:31:34","2017-07-13 22:14:18","2016-05-13 18:31:34","c2b20fd9e41e2811f4b11a8d5996bc40cb2b2be2"
174,4,1,0,"admin","admin","2016-05-13 18:31:34","2017-07-13 22:14:18","2016-05-13 18:31:34","94385bd7cc0341896a228b89babd78017bf74909"
175,0,1,0,"admin","admin","2016-05-13 18:35:33","2017-07-13 22:14:18","2016-05-13 18:35:33","2c982d08f4e64ad4459e5e91fca0d7beaf9880c9"
176,0,1,0,"admin","admin","2016-05-13 18:36:44","2017-07-13 22:14:18","2016-05-13 18:36:44","fc75f2bf5885f0241437900aff8c09e0979f94ef"
177,0,1,0,"admin","admin","2016-05-13 20:42:44","2017-07-13 22:14:18","2016-05-13 20:42:44","77488886f2a91437b604419ee2a6c29be7e49df5"
178,0,1,0,NULL,NULL,"2016-05-19 20:21:07","2017-07-13 22:14:18","2016-05-19 20:21:07","e4378b0266df961ba11ca8f1430b2ccd469a1779"
179,0,1,0,"admin","admin","2016-05-20 13:27:23","2017-07-13 22:14:18","2016-05-20 13:27:23","94f5d35f64a8d9ecc4971f0ca714a23d98db248d"
180,4,1,0,"admin","admin","2016-06-01 15:01:39","2017-07-13 22:14:18","2016-06-01 15:01:39","e0e7fa929c7c9953eade8904c86eb63adfe8953b"
181,7,1,0,"admin","admin","2016-06-16 13:11:14","2017-07-13 22:14:18","2016-06-16 13:11:14","1995284c7cb523b361296e0819e5a772c28337a0"
182,7,1,0,"admin","admin","2016-06-16 13:11:14","2017-07-13 22:14:18","2016-06-16 13:11:14","c868018cc11324ad286e5465dc38b228b2a9f602"
183,7,1,0,"admin","admin","2016-06-16 13:11:14","2017-07-13 22:14:18","2016-06-16 13:11:14","fddd52eb6e95c5b748847c94cf5d9a87aeffcf91"
184,7,1,0,"admin","admin","2016-06-16 13:11:14","2017-07-13 22:14:18","2016-06-16 13:11:14","55a547f6ed9a7259d4f748a8aaf40cf4e0c8bafc"
185,7,1,0,"admin","admin","2016-06-16 13:11:14","2017-07-13 22:14:18","2016-06-16 13:11:14","4249dfc67060fcb91f2c02412615566926fdb164"
186,7,1,0,"admin","admin","2016-06-16 13:11:14","2017-07-13 22:14:18","2016-06-16 13:11:14","8109ca788fcde1cba29e124c513a49370749cfb8"
187,7,1,0,"admin","admin","2016-06-16 13:11:14","2017-07-13 22:14:18","2016-06-16 13:11:14","5afd2dc0be9a5f9a954b199cd1eb284f988ebcf5"
188,7,1,0,"admin","admin","2016-06-16 13:11:14","2017-07-13 22:14:18","2016-06-16 13:11:14","29d6339c2aee78504ab5631b45cfb825ac527a55"
189,7,1,0,"admin","admin","2016-06-16 13:11:15","2017-07-13 22:14:18","2016-06-16 13:11:15","8a8c0ecc83872e4990487540537236281cf1dd84"
190,7,1,0,"admin","admin","2016-06-16 13:11:15","2017-07-13 22:14:18","2016-06-16 13:11:15","2c677ebaa56c31d68dc082f16cb39fb6f4a40965"
191,7,1,0,"admin","admin","2016-06-16 13:11:15","2017-07-13 22:14:18","2016-06-16 13:11:15","098ca61f42f5dd4cfd05117ec44b224d214860e0"
192,7,1,0,"admin","admin","2016-06-16 13:11:15","2017-07-13 22:14:18","2016-06-16 13:11:15","df17ac31a47e3036140bcd1865fa5173fe9b07ea"
193,7,1,0,"admin","admin","2016-06-16 13:11:15","2017-07-13 22:14:18","2016-06-16 13:11:15","4664210a227ad4fcc4499b14deb8c36196e9a2ed"
194,7,1,0,"admin","admin","2016-06-16 13:11:15","2017-07-13 22:14:18","2016-06-16 13:11:15","8f37c8d58d67a7d8ed6731530f3342cdeec0ee38"
195,7,1,0,"admin","admin","2016-06-16 13:11:15","2017-07-13 22:14:18","2016-06-16 13:11:15","54bab4eb5c64ebac592cc8c96235d709e525be4e"
196,7,1,0,"admin","admin","2016-06-16 13:11:15","2017-07-13 22:14:18","2016-06-16 13:11:15","b714969e5cd65ae7804137b8917fc278f1f98909"
197,7,1,0,"admin","admin","2016-06-16 13:11:15","2017-07-13 22:14:18","2016-06-16 13:11:15","e0ac76d959fe131c6a51826fba2ab991e32c3587"
198,7,1,0,"admin","admin","2016-06-16 13:11:15","2017-07-13 22:14:18","2016-06-16 13:11:15","8d353cbf59a1e27b26d7520d52b3f32f138a07dc"
199,7,1,0,"admin","admin","2016-06-16 13:11:15","2017-07-13 22:14:18","2016-06-16 13:11:15","56f5228e9429b09b41a25f9ff6298579180bc44c"
200,7,1,0,"admin","admin","2016-06-16 13:11:15","2017-07-13 22:14:18","2016-06-16 13:11:15","7e5bedd402ff7394d985e5217a1a0f7e1542452c"
201,7,1,0,"admin","admin","2016-06-16 13:11:15","2017-07-13 22:14:18","2016-06-16 13:11:15","eb8d84288829e4b6fe98bd426c83ed0cc59932ef"
202,0,1,0,"admin","admin","2016-06-27 13:13:37","2017-07-13 22:14:18","2016-06-27 13:13:37","ef249b0c09918205eaf6f4d20c1737fd6868df5a"
203,15,1,0,"admin","admin","2016-06-27 13:14:44","2017-07-13 22:14:18","2016-06-27 13:14:44","fbf251088b9b389f047a83d861452c97ca63724f"
204,0,1,0,"admin","admin","2016-06-27 13:35:58","2017-07-13 22:14:18","2016-06-27 13:35:58","5c5ae3465b3580cea89b1dca7010160cad29f61d"
205,1,1,NULL,"buschedw","buschedw","2016-06-27 16:29:02","2017-07-13 22:14:18","2016-06-27 16:29:02","a9b1ac63346325283aa9c4721e16cd97188dba8d"
206,12,1,0,"admin","admin","2016-06-29 17:17:02","2017-07-13 22:14:18","2016-06-29 17:17:02","66b84226376871760149dfe5750a246532726554"
207,6,1,0,"admin","admin","2016-06-29 17:17:02","2017-07-13 22:14:18","2016-06-29 17:17:02","fbc9e5139b78dc299a764eaa5a72ff797b1a86eb"
208,6,1,0,"admin","admin","2016-06-29 17:17:02","2017-07-13 22:14:18","2016-06-29 17:17:02","f7d4bbb551562dd1454eb24815d283a68976c5a6"
209,6,1,0,"admin","admin","2016-06-29 17:17:02","2017-07-13 22:14:18","2016-06-29 17:17:02","cbf3a63afdee675e111ac3aa708753b15bb6e1a0"
210,1,1,0,"admin","admin","2016-06-29 17:17:22","2017-07-13 22:14:18","2016-06-29 17:17:22","4e547a9f799dba9ff40af4e9ff97c01e2005944e"
211,7,1,0,"admin","admin","2016-06-29 17:17:49","2017-07-13 22:14:18","2016-06-29 17:17:49","ddae1b77046a65771c87c6bcf74dc8e968258da0"
212,11,1,0,"admin","admin","2016-06-29 17:40:55","2017-07-13 22:14:18","2016-06-29 17:40:55","3457de8fb2e8c68c15669446c967f6d4da0aea5f"
213,11,1,0,"admin","admin","2016-06-29 17:42:30","2017-07-13 22:14:18","2016-06-29 17:42:30","ec15dc79666257fe4ac872fe130601567f933c24"
214,0,1,0,"admin","admin","2016-06-30 20:19:35","2017-07-13 22:14:18","2016-06-30 20:19:35","84057a35d60b2de3cd46cba4ac523004749e56ee"
215,0,1,0,NULL,NULL,"2016-07-05 18:10:20","2017-07-13 22:14:18","2016-07-05 18:10:20","c65b6e302800d6416c63e3256428accda2e3e29a"
216,1,1,0,"admin","admin","2016-07-08 15:38:49","2017-07-13 22:14:18","2016-07-08 15:38:49","35c53196e59c89a4e12849a13ba31e4b993a8fbe"
217,1,1,0,"admin","admin","2016-07-08 15:38:49","2017-07-13 22:14:18","2016-07-08 15:38:49","ed0d895bef387e8ed8c50274137754ec10aef02d"
218,1,1,0,"admin","admin","2016-07-08 15:38:49","2017-07-13 22:14:18","2016-07-08 15:38:49","4c85bdc97398b8c9f59a73dfac0f1dee86216063"
219,1,1,0,"admin","admin","2016-07-08 15:38:49","2017-07-13 22:14:18","2016-07-08 15:38:49","38a09e88fa331584073db1ca9f59d6be6cad10be"
220,1,1,0,"admin","admin","2016-07-08 15:38:49","2017-07-13 22:14:18","2016-07-08 15:38:49","073b44173cf45ff4be0b513cb416f63f1a47001e"
221,1,1,0,"admin","admin","2016-07-08 15:38:49","2017-07-13 22:14:18","2016-07-08 15:38:49","924ac670875417e12cbb76353947e817b9282561"
222,1,1,0,"admin","admin","2016-07-08 15:38:49","2017-07-13 22:14:18","2016-07-08 15:38:49","da56836567a76052cefe9b083091874906f9a40f"
223,1,1,0,"admin","admin","2016-07-08 15:38:49","2017-07-13 22:14:18","2016-07-08 15:38:49","471b2263f9bedb6cbc6f4b027b121c4ba8babdea"
224,1,1,0,"admin","admin","2016-07-08 15:38:49","2017-07-13 22:14:18","2016-07-08 15:38:49","17652f78f9da33e2de66c2855bad06a27af09fa0"
225,1,1,0,"admin","admin","2016-07-08 15:38:49","2017-07-13 22:14:18","2016-07-08 15:38:49","e9a799c0eda7e8ed7e0d63fe49e9cab9f7c10797"
226,1,1,0,"admin","admin","2016-07-08 15:38:49","2017-07-13 22:14:18","2016-07-08 15:38:49","4af4e1cd99f4fc7f2c64383ecdf66044bef58da4"
227,1,1,0,"admin","admin","2016-07-08 15:38:49","2017-07-13 22:14:18","2016-07-08 15:38:49","0932b4fdfe4d55d94ff7507089518a7c70ff90a9"
228,1,1,0,"admin","admin","2016-07-08 15:38:49","2017-07-13 22:14:18","2016-07-08 15:38:49","f4825f529f22636c65e2575238965c0ef56e975c"
229,1,1,0,"admin","admin","2016-07-08 15:38:50","2017-07-13 22:14:18","2016-07-08 15:38:50","fdb0e407fb73c67ad59d9deb49981078a87a78f6"
230,1,1,0,"admin","admin","2016-07-08 15:38:50","2017-07-13 22:14:18","2016-07-08 15:38:50","f48a8ed79b1484135d7f16e90d24e1001fa017ba"
231,1,1,0,"admin","admin","2016-07-08 15:38:50","2017-07-13 22:14:18","2016-07-08 15:38:50","d61a045976db95dc845c5b5e547408cdcf265be7"
232,1,1,0,"admin","admin","2016-07-08 15:38:50","2017-07-13 22:14:18","2016-07-08 15:38:50","accf8fefcff6a2f6f9dc881641ac479c447a0f4d"
233,1,1,0,"admin","admin","2016-07-08 15:38:50","2017-07-13 22:14:18","2016-07-08 15:38:50","8e5b9d235095184c5656255d86182f8c764df5c0"
234,1,1,0,"admin","admin","2016-07-08 15:38:50","2017-07-13 22:14:18","2016-07-08 15:38:50","03d19eef889c08cde72c0ae8ac185c8d2ed5eab3"
235,1,1,0,"admin","admin","2016-07-08 15:38:50","2017-07-13 22:14:18","2016-07-08 15:38:50","66f640ec931c0e13e5ddeed801755a06e6714c7e"
236,1,1,0,"admin","admin","2016-07-08 15:38:50","2017-07-13 22:14:18","2016-07-08 15:38:50","74f6d81cc51e7a72c67327fcf6370a0803827543"
237,1,1,0,"admin","admin","2016-07-08 15:38:50","2017-07-13 22:14:18","2016-07-08 15:38:50","39617a4f37b4da6515cdc938db96781064b4df1a"
238,1,1,0,"admin","admin","2016-07-08 15:38:50","2017-07-13 22:14:18","2016-07-08 15:38:50","88b350e9b1efbb210ef344da10d0175634068fe0"
239,1,1,0,"admin","admin","2016-07-08 15:38:50","2017-07-13 22:14:18","2016-07-08 15:38:50","b1295583a7652b635941edf809222442ffff4445"
240,1,1,0,"admin","admin","2016-07-08 15:38:50","2017-07-13 22:14:18","2016-07-08 15:38:50","50df06f4e1daf6795b33d113d23999f2129c64db"
241,1,1,0,"admin","admin","2016-07-08 15:38:50","2017-07-13 22:14:18","2016-07-08 15:38:50","c06aab8811f9c850a00058c13a40aea1c3954f2c"
242,1,1,0,"admin","admin","2016-07-08 15:38:50","2017-07-13 22:14:18","2016-07-08 15:38:50","3fa2077dcc7c72bd099887e6ce32c6d68052a04b"
243,1,1,0,"admin","admin","2016-07-08 15:38:50","2017-07-13 22:14:18","2016-07-08 15:38:50","a17546c035bf1033c62a2099e1b67cd7f4be55bc"
244,1,1,0,"admin","admin","2016-07-08 15:38:50","2017-07-13 22:14:18","2016-07-08 15:38:50","23e157c35780aae858314f133d75d279fdb799e7"
245,1,1,0,"admin","admin","2016-07-08 15:38:50","2017-07-13 22:14:18","2016-07-08 15:38:50","840252f1bbc2eb37748582a8b278d458da6a1e20"
246,1,1,0,"admin","admin","2016-07-08 15:38:50","2017-07-13 22:14:18","2016-07-08 15:38:50","5d87660eacab0fa16feecd2c7a5e85b13a644517"
247,1,1,0,"admin","admin","2016-07-08 15:38:50","2017-07-13 22:14:18","2016-07-08 15:38:50","30d53671184775d20943ec60a8e74edfea406a9e"
248,1,1,0,"admin","admin","2016-07-08 15:38:50","2017-07-13 22:14:18","2016-07-08 15:38:50","2f24760bca6a8f998d9470709b2b04de8a7d5e6f"
249,1,1,0,"admin","admin","2016-07-08 15:38:50","2017-07-13 22:14:18","2016-07-08 15:38:50","c0d7f3358f1f7a22d991f909b49446d9040cf6cf"
250,1,1,0,"admin","admin","2016-07-08 15:38:50","2017-07-13 22:14:18","2016-07-08 15:38:50","0b8fb7eabaa5c8debbe884fb9388f0e61f3d21aa"
251,1,1,0,"admin","admin","2016-07-08 15:38:50","2017-07-13 22:14:18","2016-07-08 15:38:50","8db9dcf2a13fc5388e9c41db169715ea47a59b88"
252,1,1,0,"admin","admin","2016-07-08 15:38:50","2017-07-13 22:14:18","2016-07-08 15:38:50","4612bfba13344cae47999aca37dd9694f98f7c6f"
253,1,1,0,"admin","admin","2016-07-08 15:38:50","2017-07-13 22:14:18","2016-07-08 15:38:50","96835cfbc94a75bb72f6d85980e545e140c85bd4"
254,1,1,0,"admin","admin","2016-07-08 15:38:50","2017-07-13 22:14:18","2016-07-08 15:38:50","f45277169eb46931d1482ed449c8b58bd5e53635"
255,1,1,0,"admin","admin","2016-07-08 15:38:50","2017-07-13 22:14:18","2016-07-08 15:38:50","bff6ad3cdc34d9f2bc2c67855d1beb2bbe15e03f"
256,1,1,0,"admin","admin","2016-07-08 15:38:50","2017-07-13 22:14:18","2016-07-08 15:38:50","47ed0c8afbb072e3519dbbf4d34d27f3829a3026"
257,1,1,0,"admin","admin","2016-07-08 15:38:50","2017-07-13 22:14:18","2016-07-08 15:38:50","618004a48c9f4018a886363af22ff5b616c99a30"
258,1,1,0,"admin","admin","2016-07-08 15:38:50","2017-07-13 22:14:18","2016-07-08 15:38:50","7d31d6991b4829223a1609c1fdb88458d6e42868"
259,1,1,0,"admin","admin","2016-07-08 15:38:50","2017-07-13 22:14:18","2016-07-08 15:38:50","9be6fe612696f548b08b03c17e55259e434a405e"
260,1,1,0,"admin","admin","2016-07-08 15:38:50","2017-07-13 22:14:18","2016-07-08 15:38:50","1a4a8a07308017e783d6e06207e8ca9af9a97105"
261,1,1,0,"admin","admin","2016-07-08 15:38:51","2017-07-13 22:14:18","2016-07-08 15:38:51","196cd6755504052ad716ab55cdca908231b0a3b7"
262,1,1,0,"admin","admin","2016-07-08 15:38:51","2017-07-13 22:14:18","2016-07-08 15:38:51","f13e8ce38f5886fab07a55abbde168043c04dc46"
263,1,1,0,"admin","admin","2016-07-08 15:38:51","2017-07-13 22:14:18","2016-07-08 15:38:51","5fe76860f618485bb6985d7a1d7b2f7e2e59a275"
264,1,1,0,"admin","admin","2016-07-08 15:38:51","2017-07-13 22:14:18","2016-07-08 15:38:51","e4bd009a2bf730ac1bdb2e2d7351db90c1a2f838"
265,1,1,0,"admin","admin","2016-07-08 15:38:51","2017-07-13 22:14:18","2016-07-08 15:38:51","541ad2b62b4692d45a57178f6d767068c3ba85b9"
266,1,1,0,"admin","admin","2016-07-08 15:38:51","2017-07-13 22:14:18","2016-07-08 15:38:51","c785ac2b57830df5aa5568090aad85f91f2fe193"
267,1,1,0,"admin","admin","2016-07-08 15:38:51","2017-07-13 22:14:18","2016-07-08 15:38:51","07d6b94ba063a82e49ae798260254e416d163de2"
268,1,1,0,"admin","admin","2016-07-08 15:38:51","2017-07-13 22:14:18","2016-07-08 15:38:51","d7742064baa15f869c15375751fd32a9810c974a"
269,1,1,0,"admin","admin","2016-07-08 15:38:51","2017-07-13 22:14:18","2016-07-08 15:38:51","fd63c4eac69968c8cdde9f6aaf2cdf64fdc28dc8"
270,1,1,0,"admin","admin","2016-07-08 15:38:51","2017-07-13 22:14:18","2016-07-08 15:38:51","2d102a39d809c2de48cb4b03b614e33a81b92c8d"
271,1,1,0,"admin","admin","2016-07-08 15:38:51","2017-07-13 22:14:18","2016-07-08 15:38:51","fa0836ec1504275106e6cea71d9e9f1296ff38c8"
272,7,1,1,"admin","admin","2016-07-08 15:38:51","2017-07-13 22:14:18","2016-11-17 16:03:19","bfa980b4a9316ef8d9ef7dc3448d2f4c8613e323"
273,1,1,0,"admin","admin","2016-07-08 15:38:51","2017-07-13 22:14:18","2016-07-08 15:38:51","bb84a56246806ce918ff817ab2ba45863710b272"
274,1,1,0,"admin","admin","2016-07-08 15:38:51","2017-07-13 22:14:18","2016-07-08 15:38:51","5c8ec123b17605571a3a64dfa687a00ef75b0c31"
275,1,1,0,"admin","admin","2016-07-08 15:38:51","2017-07-13 22:14:18","2016-07-08 15:38:51","a104ed555bc4e6bb9b0da4571d2613c337f668b2"
276,1,1,0,"admin","admin","2016-07-08 15:38:51","2017-07-13 22:14:18","2016-07-08 15:38:51","1acad8f5875d5e35d7d907fb024eadd378019afe"
277,1,1,0,"admin","admin","2016-07-08 15:38:51","2017-07-13 22:14:18","2016-07-08 15:38:51","e82f28506a6c7895ad80469abe2e7c73a3625930"
278,1,1,0,"admin","admin","2016-07-08 15:38:51","2017-07-13 22:14:18","2016-07-08 15:38:51","fbd44ddacfab883c8e776043afeb138f484a9f8b"
279,1,1,0,"admin","admin","2016-07-08 15:38:51","2017-07-13 22:14:18","2016-07-08 15:38:51","925002a0ab1ee477790b6dc7932c9e24dc2fe7f1"
280,1,1,0,"admin","admin","2016-07-08 15:38:51","2017-07-13 22:14:18","2016-07-08 15:38:51","ea87051be1aea2bcf40aaba95b296f962c6a6941"
281,1,1,0,"admin","admin","2016-07-08 15:38:51","2017-07-13 22:14:18","2016-07-08 15:38:51","87f035211e73b58e7c161284c0d790db727fa6cc"
282,1,1,0,"admin","admin","2016-07-08 15:38:51","2017-07-13 22:14:18","2016-07-08 15:38:51","ec9274d2fb84f4e508576d90833ca24d58602de0"
283,1,1,0,"admin","admin","2016-07-08 15:38:51","2017-07-13 22:14:18","2016-07-08 15:38:51","ad4eccf96c67a3760b61bc67d103630b116ce093"
284,1,1,0,"admin","admin","2016-07-08 15:45:37","2017-07-13 22:14:18","2016-07-08 15:45:37","168da95f3a05f8b06daa15d41701bdb662116778"
285,1,1,0,"admin","admin","2016-07-08 15:45:37","2017-07-13 22:14:18","2016-07-08 15:45:37","8255a9e7c142b225701aed4985bf0ef8202aee41"
286,1,1,0,"admin","admin","2016-07-08 15:45:37","2017-07-13 22:14:18","2016-07-08 15:45:37","c8f4457e66cbe4c7cd1d4b56312019fdfa2281f9"
287,2,1,0,"admin","admin","2016-07-08 16:53:36","2017-07-13 22:14:18","2016-07-08 16:53:36","49c62deb37f1bb33db0ed6912df928f99535b0ae"
288,2,1,0,"admin","admin","2016-07-08 16:53:36","2017-07-13 22:14:18","2016-07-08 16:53:36","c4085a5e6faf2730b719f7e3a235d2c9c681b4de"
289,6,1,0,"admin","admin","2016-07-08 17:25:05","2017-07-13 22:14:18","2016-07-08 17:25:05","b6c190faeb1bf2178d5dd5629e6c4d622596c0a1"
290,2,1,0,"admin","admin","2016-07-08 17:25:05","2017-07-13 22:14:18","2016-07-08 17:25:05","8e9a57baab9e97a71e0dada9db410cfc46e9c32b"
291,2,1,0,"admin","admin","2016-07-08 17:25:05","2017-07-13 22:14:18","2016-07-08 17:25:05","e380724c7aab26b02756875af27f4f44514d4210"
293,3,1,0,"admin","admin","2016-07-13 20:57:51","2017-07-13 22:14:18","2016-07-13 20:57:51","6473b23095504c6c53ca9b7ddac89b0ddf3e95be"
294,3,1,0,"admin","admin","2016-07-13 20:57:51","2017-07-13 22:14:18","2016-07-13 20:57:51","9814dec89cebafd4cd9d954cbad06cd9a098d1c8"
295,0,1,0,"admin","admin","2016-07-14 13:19:35","2017-07-13 22:14:18","2016-07-14 13:19:35","d0cf6002fc190354546937f3cfbbc7a88992eb21"
296,0,1,0,NULL,NULL,"2016-07-19 19:23:04","2017-07-13 22:14:18","2016-07-19 19:23:04","d0a0f6c7f19b477289f8ddd1007c4a34e577f897"
297,1,1,0,"admin","admin","2016-07-19 20:17:48","2017-07-13 22:14:18","2016-07-19 20:17:48","93d69101ce66deefb2593361e4d8d1cf3bec04c8"
298,3,1,0,"admin","admin","2016-08-16 15:18:44","2017-07-13 22:14:18","2016-08-16 15:18:44","a4b1de1153f2ed669e0b6173b7c41f06a75787c1"
299,1,1,1,"admin","admin","2016-08-22 14:22:35","2017-07-13 22:14:18","2016-08-22 14:26:41","064b330d9fb4c8aa1a9429aaf5d07714ae7bc089"
300,2,1,1,"admin","admin","2016-08-23 16:25:58","2017-07-13 22:14:18","2016-08-23 16:30:23","49ab6d1f304b8f2c93adbcb99516c97534e3f391"
301,0,1,0,NULL,NULL,"2016-08-23 16:30:51","2017-07-13 22:14:18","2016-08-23 16:30:51","8ba16d1c0a89147d1765c990263503c8d442d652"
302,0,1,0,"admin","admin","2016-08-23 17:58:41","2017-07-13 22:14:18","2016-08-23 17:58:41","707c0ee076503f2d23faabca7259f1871e99f8ff"
303,10,1,0,"admin","admin","2016-08-24 17:26:38","2017-07-13 22:14:18","2016-08-24 17:26:38","672e899a333a01346fd87ce8cb6754d04eebc5bc"
304,0,1,0,"admin","admin","2016-08-24 18:24:58","2017-07-13 22:14:18","2016-08-24 18:24:58","fb7a2d0ebb64298472e0b1ba98392cccf270a04f"
305,0,1,0,"admin","admin","2016-08-24 18:33:40","2017-07-13 22:14:18","2016-08-24 18:33:40","5e8a3ec4c77805229ba211e168ca437fac5e6145"
306,1,1,0,"admin","admin","2016-08-30 20:48:44","2017-07-13 22:14:18","2016-08-30 20:48:44","2a2ae5412473041cd21210f25bfc7bd85d539f47"
307,0,1,0,"admin","admin","2016-09-01 15:46:38","2017-07-13 22:14:18","2016-09-01 15:46:38","8c667112bc916a2205cdb714644df9f085b866d5"
308,4,1,1,"admin","admin","2016-09-01 17:54:16","2017-07-13 22:14:18","2016-09-01 18:00:32","2cbc09e0d09ddcff1c17bdbc1840cbf0aa281bc8"
310,2,1,0,"admin","admin","2016-09-13 14:58:10","2017-07-13 22:14:18","2016-09-13 14:58:10","eef67e0f866883986b3445bd9be06c6fb985fc0d"
311,2,1,0,"admin","admin","2016-09-13 14:58:10","2017-07-13 22:14:18","2016-09-13 14:58:10","747fb13a87a0650da35dd0f8fbf70b0f01065420"
312,2,1,0,"admin","admin","2016-09-13 14:58:10","2017-07-13 22:14:18","2016-09-13 14:58:10","86440359515c2f4d0414bac947f5a0dbd5863a98"
313,2,1,0,"admin","admin","2016-09-13 14:58:10","2017-07-13 22:14:18","2016-09-13 14:58:10","8f49b006588e737d3e0f574924bf12d1ed68be7e"
314,2,1,0,"admin","admin","2016-09-13 14:58:10","2017-07-13 22:14:18","2016-09-13 14:58:10","060c79d7f8fd572796634584f2df6be39e84cc03"
315,0,1,0,"admin","admin","2016-09-15 20:00:51","2017-07-13 22:14:18","2016-09-15 20:00:51","26ae870068dfb09c568d6bc3f6d0f8d3879aa14c"
316,0,1,0,"admin","admin","2016-09-15 20:01:19","2017-07-13 22:14:18","2016-09-15 20:01:19","afaac69486f24a822170fcd9b86ca1c2e23172fc"
317,1,1,0,"admin","admin","2016-09-15 20:01:49","2017-07-13 22:14:18","2016-09-15 20:01:49","00ee78a227a348427b117efac7cfdcdb69b1d9b1"
318,0,1,0,"admin","admin","2016-09-15 20:03:08","2017-07-13 22:14:18","2016-09-15 20:03:08","849ac24431fed776db456da181496a50f428f443"
319,0,1,0,"admin","admin","2016-09-15 20:07:53","2017-07-13 22:14:18","2016-09-15 20:07:53","7158a3d06adc00f6106d423949d0da579897fec1"
320,2,1,0,"admin","admin","2016-09-30 16:54:48","2017-07-13 22:14:18","2016-09-30 16:54:48","38c2c2d3b0631283d68d4dbfc435a927f4f71db2"
321,8,1,0,"admin","admin","2016-10-03 16:59:30","2017-07-13 22:14:18","2016-10-03 16:59:30","8b363acfc0f3652cb2950ba5867835505ccf0153"
322,2,1,0,"admin","admin","2016-10-11 16:23:28","2017-07-13 22:14:18","2016-10-11 16:23:28","17d855a11e6ffa3db7ee2d40fa1e3c018dd744d5"
323,2,1,0,"admin","admin","2016-10-11 16:23:28","2017-07-13 22:14:18","2016-10-11 16:23:28","5f91a634ea04b03fd72fdd06ab036a944bce16ef"
324,2,1,0,"admin","admin","2016-10-11 16:23:28","2017-07-13 22:14:18","2016-10-11 16:23:28","4368d5c4a4a25affa26eb1bd90f6a60a7bedab5b"
325,2,1,0,"admin","admin","2016-10-11 16:23:28","2017-07-13 22:14:18","2016-10-11 16:23:28","7e1b9e93e640423f5c51e1b456798c5b06f4b9d6"
326,3,1,1,"admin","admin","2016-11-07 20:33:59","2017-07-13 22:14:18","2016-11-07 20:33:59","107fb9864b2ae57efb11b81ac366be61b6fec9bf"
327,8,1,0,"admin","admin","2016-11-10 23:46:29","2017-07-13 22:14:18","2016-11-10 23:46:29","4beab1efff865d29e5ee28120186fc2dedfe4c47"
328,3,1,NULL,"buschedw","buschedw","2016-11-15 21:42:24","2017-07-13 22:14:18","2016-11-15 21:42:24","bcdb7cb56ac28b52bf7f6883fb4eebe65c2b5e60"
329,3,1,NULL,"buschedw","buschedw","2016-11-15 21:42:24","2017-07-13 22:14:18","2016-11-15 21:42:24","2f7115d71417aa257b4c1955ed76fef6cea672b8"
330,3,1,NULL,"buschedw","buschedw","2016-11-15 21:42:24","2017-07-13 22:14:18","2016-11-15 21:42:24","19da2c2ef9ba0b7e963e48b811d4b05b5c9fa1ec"
331,3,1,NULL,"buschedw","buschedw","2016-11-15 21:42:24","2017-07-13 22:14:18","2016-11-15 21:42:24","c8f4a245e8bc6fed640b8ebe867b513f4b3dc102"
332,3,1,NULL,"buschedw","buschedw","2016-11-15 21:42:24","2017-07-13 22:14:18","2016-11-15 21:42:24","778dbc4ce09c7e75be85b3c309c1395c136ce623"
333,1,1,0,"admin","admin","2016-11-15 22:35:31","2017-07-13 22:14:18","2016-11-15 22:35:31","dc0e62bfef39597d9a4ccc0481c9089cdf51fb71"
334,5,1,0,"admin","admin","2016-11-16 16:11:58","2017-07-13 22:14:18","2016-11-16 16:11:58","b73926e98f928205038808951f24c70098d26962"
335,1,1,0,"admin","admin","2016-11-16 16:12:06","2017-07-13 22:14:18","2016-11-16 16:12:06","50a469667bd5153d30c9a5c449433d03421e735e"
336,10,1,1,"admin","admin","2016-11-16 16:12:10","2017-07-13 22:14:18","2016-11-17 16:03:40","674546476bf6789a4fa56f2396536e3e1bb63a27"
337,14,1,1,"admin","admin","2016-11-16 16:17:11","2017-07-13 22:14:18","2016-11-17 16:03:57","1e7e35d59089f76852b224dd69eb13364da038d5"
339,6,1,1,"admin","admin","2016-11-17 15:45:39","2017-07-13 22:14:18","2016-11-17 16:03:13","be4faff6510f7434e62b52955b21a062193c7757"
340,0,1,0,"admin","admin","2016-11-17 15:47:26","2017-07-13 22:14:18","2016-11-17 15:47:26","d2c8b3009a20b11873b204f1ebb7575045ddb33c"
341,1,1,0,"admin","admin","2016-11-17 15:47:39","2017-07-13 22:14:18","2016-11-17 15:47:39","c8a984e00fd23b04179b400a34255690cd5cc758"
342,2,1,0,"admin","admin","2016-11-17 15:48:00","2017-07-13 22:14:18","2016-11-17 15:48:00","1aa62e392a2c6b3d6bc2bab6d5ce5c246af98752"
343,4,1,1,"admin","admin","2016-11-17 15:48:20","2017-07-13 22:14:18","2016-11-17 16:03:29","d330f702dcd34a2b6e16b37062cf376b79e7390f"
344,3,1,0,"admin","admin","2016-11-17 15:49:04","2017-07-13 22:14:18","2016-11-17 15:49:04","630f6a774f5dffc4ade23be9601e12adce18db68"
345,1,1,0,"admin","admin","2016-11-17 15:50:04","2017-07-13 22:14:18","2016-11-17 15:50:04","05dfd258a4044de585bcf5b77034afbd1ef632a2"
346,5,1,1,"admin","admin","2016-11-17 15:50:11","2017-07-13 22:14:18","2016-11-17 16:03:23","509d08ed1164ccbdee6fdd93e4a5f00829df553b"
347,5,1,0,"admin","admin","2016-11-17 15:51:56","2017-07-13 22:14:18","2016-11-17 15:51:56","10a9ca49e597e2e12c16a93a11c3b7772274cb2f"
348,1,1,1,"admin","admin","2016-11-17 16:13:03","2017-07-13 22:14:18","2016-11-17 16:15:06","772e22dda4ee2e9e9f522094cc58aad5b6aaaf58"
349,1,1,0,"admin","admin","2016-11-22 15:46:13","2017-07-13 22:14:18","2016-11-22 15:46:13","9a7a3caaf68fbad839c32e0795cd0a13208b9570"
350,0,1,1,"admin","admin","2016-11-22 19:07:08","2017-07-13 22:14:18","2016-11-22 19:07:08","57135f8d84088ba1f202bbe8c083a51d6f57cdb9"
351,0,1,0,"admin","admin","2016-12-01 16:30:45","2017-07-13 22:14:18","2016-12-01 16:30:45","ea0bd91eea88f77c480da89e31853ec27e30de34"
352,0,1,0,"admin","admin","2016-12-01 18:16:46","2017-07-13 22:14:18","2016-12-01 18:16:46","5476bbc21753e667501f56239b5a9e61c80bd6b8"
353,0,1,0,NULL,NULL,"2016-12-02 22:13:35","2017-07-13 22:14:18","2016-12-02 22:13:35","bf0751521df09e1e519232ba7874978763faab71"
354,0,1,0,"admin","admin","2016-12-08 19:16:17","2017-07-13 22:14:18","2016-12-08 19:16:17","0820ededf80cb22d248ba44c45d570005cad1d64"
359,1,1,0,"admin","admin","2017-01-18 17:49:16","2017-07-13 22:14:18","2017-01-18 17:49:16","d843f06a0909b5b56c7d689a66e4e9a4b344f20f"
360,0,1,0,"admin","admin","2017-01-24 16:20:45","2017-07-13 22:14:18","2017-01-24 16:20:45","b65b7f7ddc2ac10a349d25a8ba47799e354ee5aa"
361,3,1,0,"admin","admin","2017-01-24 18:09:21","2017-07-13 22:14:18","2017-01-24 18:09:21","75cccee6efe07b528c53c1a9be5aab4bb356262b"
362,4,1,0,"admin","admin","2017-01-24 18:09:21","2017-07-13 22:14:18","2017-01-24 18:09:21","9fda6eb3131592ec1a6fbefb333e39ca49ad8681"
372,1,1,0,"cdibella","cdibella","2017-01-26 13:39:00","2017-07-13 22:14:18","2017-01-26 13:39:00","98119d80b52f348b355da8669a3503efec5136f2"
373,1,1,0,"cdibella","cdibella","2017-01-26 13:39:00","2017-07-13 22:14:18","2017-01-26 13:39:00","b88d89111bfd19c775ee635d9dc8ec491a25b2d4"
374,1,1,0,"cdibella","cdibella","2017-01-26 13:39:00","2017-07-13 22:14:18","2017-01-26 13:39:00","8c39b8b25aa29d0b8975105c07ac2c8959c1cea8"
375,1,1,0,"cdibella","cdibella","2017-01-26 13:39:00","2017-07-13 22:14:18","2017-01-26 13:39:00","023f0e275161d57f58dca6f7e187298047e2c076"
376,58,1,0,"cdibella","cdibella","2017-01-26 13:44:18","2017-07-13 22:14:18","2017-01-26 13:44:18","267e6498970d4e6d7034465b43536c1953f2a589"
377,1,1,0,"cdibella","cdibella","2017-01-26 13:48:07","2017-07-13 22:14:18","2017-01-26 13:48:07","491486487d94559015ec50f4055f513b828c6da9"
378,1,1,0,"cdibella","cdibella","2017-01-26 13:48:07","2017-07-13 22:14:18","2017-01-26 13:48:07","222e1500df3bb44c63fb1205a149b348fe982d38"
379,1,1,0,"cdibella","cdibella","2017-01-26 13:48:07","2017-07-13 22:14:18","2017-01-26 13:48:07","3fe05bdfa773b082496d46a100ee400e82d751b3"
380,1,1,0,"cdibella","cdibella","2017-01-26 13:48:07","2017-07-13 22:14:18","2017-01-26 13:48:07","67de0368b53672902876831eb982452d48121f55"
381,1,1,0,"cdibella","cdibella","2017-01-26 13:48:07","2017-07-13 22:14:18","2017-01-26 13:48:07","3b38ae349abceb2c662b0eb7976cee401ea2d228"
382,1,1,0,"cdibella","cdibella","2017-01-26 13:48:07","2017-07-13 22:14:18","2017-01-26 13:48:07","272c1a9a599ff099a2c83d24a3e9a6311fe25bbd"
383,1,1,0,"cdibella","cdibella","2017-01-26 13:48:07","2017-07-13 22:14:18","2017-01-26 13:48:07","c27c10a2f8b5fb22a1d7454ef02de999995451a8"
384,1,1,0,"cdibella","cdibella","2017-01-26 13:48:07","2017-07-13 22:14:18","2017-01-26 13:48:07","18a3fb20f961453129bec0d6fb2e21e9cd30fc7b"
385,1,1,0,"cdibella","cdibella","2017-01-26 13:48:07","2017-07-13 22:14:18","2017-01-26 13:48:07","fbc8f7ab3c984e341cc5ca090ef8813e623745d2"
386,1,1,0,"cdibella","cdibella","2017-01-26 13:48:07","2017-07-13 22:14:18","2017-01-26 13:48:07","3e46315491f32a1fa63fb28a6904def67ce95fe8"
387,1,1,0,"cdibella","cdibella","2017-01-26 13:48:07","2017-07-13 22:14:18","2017-01-26 13:48:07","29ec7d80fa954d25d9bf465412b38dc2f993c6f7"
388,1,1,0,"cdibella","cdibella","2017-01-26 13:48:07","2017-07-13 22:14:18","2017-01-26 13:48:07","3ca16ec04d90e1ae8fcde179cd5269e1773711ac"
389,1,1,0,"cdibella","cdibella","2017-01-26 13:48:07","2017-07-13 22:14:18","2017-01-26 13:48:07","927f3bddf7ff09ea75a55b2f94c630c78ced51c9"
390,1,1,0,"cdibella","cdibella","2017-01-26 13:48:07","2017-07-13 22:14:18","2017-01-26 13:48:07","fd2698f2fb87ecc06cd2fc08d2fe51d5e88e77b2"
391,1,1,0,"cdibella","cdibella","2017-01-26 13:48:07","2017-07-13 22:14:18","2017-01-26 13:48:07","798c98c01b4e12e76977888495f6fcdbd7086856"
392,1,1,0,"cdibella","cdibella","2017-01-26 13:48:07","2017-07-13 22:14:18","2017-01-26 13:48:07","fe3e0882b65e0b902425bf055c96a63321afe46b"
393,1,1,0,"cdibella","cdibella","2017-01-26 13:48:07","2017-07-13 22:14:18","2017-01-26 13:48:07","e9d60e9ab89434c561b51a76ed466716ef09bafb"
394,1,1,0,"cdibella","cdibella","2017-01-26 13:48:08","2017-07-13 22:14:18","2017-01-26 13:48:08","c9ecd3bf7eb06678e78007ba00e32e0372955196"
395,1,1,0,"cdibella","cdibella","2017-01-26 13:48:08","2017-07-13 22:14:18","2017-01-26 13:48:08","8e94c372da716640c5c13b9ef576e5304722e18f"
396,1,1,0,"cdibella","cdibella","2017-01-26 13:48:08","2017-07-13 22:14:18","2017-01-26 13:48:08","5644ebc2c09eafbd7d3b30dc87888f342cd77101"
397,1,1,0,"cdibella","cdibella","2017-01-26 13:48:08","2017-07-13 22:14:18","2017-01-26 13:48:08","322ff8f3297c72970357202efef563060f096ef8"
398,1,1,0,"cdibella","cdibella","2017-01-26 13:48:08","2017-07-13 22:14:18","2017-01-26 13:48:08","76df78abf110ba0e7b3bdea4c2f2e80ecb83d418"
399,1,1,0,"cdibella","cdibella","2017-01-26 13:48:08","2017-07-13 22:14:18","2017-01-26 13:48:08","772cbd95fc2fd4c69567522477c2f67c9c51e313"
400,1,1,0,"cdibella","cdibella","2017-01-26 13:48:08","2017-07-13 22:14:18","2017-01-26 13:48:08","34b2e060930563cf5c9d4325e3170513a7369f88"
401,1,1,0,"cdibella","cdibella","2017-01-26 13:48:08","2017-07-13 22:14:18","2017-01-26 13:48:08","a79d37fc7b1b8ac8dcd17e7f03cf07c51a77fe79"
402,1,1,0,"cdibella","cdibella","2017-01-26 13:48:08","2017-07-13 22:14:18","2017-01-26 13:48:08","90df01d717f004fb85fcd6807813a2386c291533"
403,1,1,0,"cdibella","cdibella","2017-01-26 13:48:08","2017-07-13 22:14:18","2017-01-26 13:48:08","58223f41c6ce10165c1a7b3559fbb5be26ca256e"
404,1,1,0,"cdibella","cdibella","2017-01-26 13:48:08","2017-07-13 22:14:18","2017-01-26 13:48:08","0112ce6d5e38a6e1492b813d9d1f72710b15b5c6"
405,1,1,0,"cdibella","cdibella","2017-01-26 13:48:08","2017-07-13 22:14:18","2017-01-26 13:48:08","083271ff4970eb5d3187f1d7af45e73522d4411f"
406,1,1,0,"cdibella","cdibella","2017-01-26 13:48:08","2017-07-13 22:14:18","2017-01-26 13:48:08","a8c620c889a21de27e075a504f2aa508b201cc93"
407,1,1,0,"cdibella","cdibella","2017-01-26 13:48:08","2017-07-13 22:14:18","2017-01-26 13:48:08","79a5068553e29b4a9b9fe042003056dc04ee187a"
408,1,1,0,"cdibella","cdibella","2017-01-26 13:48:08","2017-07-13 22:14:18","2017-01-26 13:48:08","d92b1ed5598be0e37ce3401b114217ab2419d72a"
409,1,1,0,"cdibella","cdibella","2017-01-26 13:48:08","2017-07-13 22:14:18","2017-01-26 13:48:08","e3d0e18b60fad0564b2cc2bdd502e15a5f43f7a5"
410,1,1,0,"cdibella","cdibella","2017-01-26 13:48:08","2017-07-13 22:14:18","2017-01-26 13:48:08","8cddd8456a454b59fa7b7b0941ad7e89769f24b3"
411,1,1,0,"cdibella","cdibella","2017-01-26 13:48:08","2017-07-13 22:14:18","2017-01-26 13:48:08","270c4be963fcc07797015d50e17726330170cb82"
412,1,1,0,"cdibella","cdibella","2017-01-26 13:48:08","2017-07-13 22:14:18","2017-01-26 13:48:08","40342dc1ce25530f47c2de8d44f9731890a1ddd1"
413,1,1,0,"cdibella","cdibella","2017-01-26 13:48:08","2017-07-13 22:14:18","2017-01-26 13:48:08","fbee4aa68a3d717aeac320008edcbb8c6f71ff9d"
414,1,1,0,"cdibella","cdibella","2017-01-26 13:48:08","2017-07-13 22:14:18","2017-01-26 13:48:08","6f48bd0830b333e0cd1aceab35db5d333d740132"
415,1,1,0,"cdibella","cdibella","2017-01-26 13:48:08","2017-07-13 22:14:18","2017-01-26 13:48:08","28d277059aad6c96e964fe7ab1c4a8b3db02a60d"
416,1,1,0,"cdibella","cdibella","2017-01-26 13:48:08","2017-07-13 22:14:18","2017-01-26 13:48:08","9fbd56d4be6f8bd60eaedc9403fcaa56f09abea6"
417,1,1,0,"cdibella","cdibella","2017-01-26 13:48:08","2017-07-13 22:14:18","2017-01-26 13:48:08","18a502ce65826ff2952754d09611d738572aa71a"
418,1,1,0,"cdibella","cdibella","2017-01-26 13:48:08","2017-07-13 22:14:18","2017-01-26 13:48:08","4e60b84a7454a60601ecaed2480d44489eb9084f"
419,1,1,0,"cdibella","cdibella","2017-01-26 13:48:08","2017-07-13 22:14:18","2017-01-26 13:48:08","a96d9ebfb3f8383716bdc09979d7cdc131421611"
420,1,1,0,"cdibella","cdibella","2017-01-26 13:48:08","2017-07-13 22:14:18","2017-01-26 13:48:08","6c3f7c02352a3af3339d3929a46a4de3a20a4176"
421,1,1,0,"cdibella","cdibella","2017-01-26 13:48:08","2017-07-13 22:14:18","2017-01-26 13:48:08","5a9ce6d0031876753647aafc5c23fe135f5ed117"
422,1,1,0,"cdibella","cdibella","2017-01-26 13:48:08","2017-07-13 22:14:18","2017-01-26 13:48:08","7bf21c178ba375556e617524ac1c2f66b35fcea6"
423,1,1,0,"cdibella","cdibella","2017-01-26 13:48:09","2017-07-13 22:14:18","2017-01-26 13:48:09","008b72acc1d585d2309ef8821cc09c8e166c3fa5"
424,1,1,0,"cdibella","cdibella","2017-01-26 13:48:09","2017-07-13 22:14:18","2017-01-26 13:48:09","2afb39441ca05013782526329af2a5f1074fc4d8"
425,1,1,0,"cdibella","cdibella","2017-01-26 13:48:09","2017-07-13 22:14:18","2017-01-26 13:48:09","9a285817d2f21b872fb1c57871c62e936a0f5929"
426,1,1,0,"cdibella","cdibella","2017-01-26 13:48:09","2017-07-13 22:14:18","2017-01-26 13:48:09","c84de1581825b6b05b8dfaa46c8ed472dc242dda"
427,1,1,0,"cdibella","cdibella","2017-01-26 13:48:09","2017-07-13 22:14:18","2017-01-26 13:48:09","c4db99ca95da3778b45853528c68c084fd527e97"
428,1,1,0,"cdibella","cdibella","2017-01-26 13:48:09","2017-07-13 22:14:18","2017-01-26 13:48:09","14dcb7e458aa260976e4b9e30e827ea754feb73b"
429,1,1,0,"cdibella","cdibella","2017-01-26 13:48:09","2017-07-13 22:14:18","2017-01-26 13:48:09","d336172b321cdb766aaff417993c91fdc33aba77"
430,1,1,0,"cdibella","cdibella","2017-01-26 13:48:09","2017-07-13 22:14:18","2017-01-26 13:48:09","bd9bac815f4e60be7b05dc8aa6f50c02bc7ea69a"
431,1,1,0,"cdibella","cdibella","2017-01-26 13:48:09","2017-07-13 22:14:18","2017-01-26 13:48:09","b265dcaebcde7956d00a204fd51ab593f03d47ea"
432,1,1,0,"cdibella","cdibella","2017-01-26 13:48:09","2017-07-13 22:14:18","2017-01-26 13:48:09","66dc651c769543c7c0b6eeb8b34a4361ca944f74"
433,1,1,0,"cdibella","cdibella","2017-01-26 13:48:09","2017-07-13 22:14:18","2017-01-26 13:48:09","11b8a581e324b82b50d11dd5da39155726cc6b8a"
434,1,1,0,"cdibella","cdibella","2017-01-26 13:48:09","2017-07-13 22:14:18","2017-01-26 13:48:09","14052f7c0c47ccc83bbf6dd31dbd64b06e809415"
435,1,1,0,"cdibella","cdibella","2017-01-26 13:48:09","2017-07-13 22:14:18","2017-01-26 13:48:09","1c3b34b9cd93a01695446acef01bddaaa21e8cc7"
436,1,1,0,"cdibella","cdibella","2017-01-26 13:48:09","2017-07-13 22:14:18","2017-01-26 13:48:09","bb6f1d7795e5596474ed7074ea07286fc20153b0"
437,1,1,0,"cdibella","cdibella","2017-01-26 13:48:09","2017-07-13 22:14:18","2017-01-26 13:48:09","21da4d841064259ae5c17866b1a5149934b33e59"
438,1,1,0,"cdibella","cdibella","2017-01-26 13:48:09","2017-07-13 22:14:18","2017-01-26 13:48:09","17df104f51c81b5b1108c1a892f3c7672d7bf611"
439,1,1,0,"cdibella","cdibella","2017-01-26 13:48:09","2017-07-13 22:14:18","2017-01-26 13:48:09","870beb81dfc906c72e7790ba332f65df4f9527ae"
440,1,1,0,"cdibella","cdibella","2017-01-26 13:48:09","2017-07-13 22:14:18","2017-01-26 13:48:09","cb73197ce7cac8a0377eb731cff650cbeb492ae1"
441,1,1,0,"cdibella","cdibella","2017-01-26 13:48:09","2017-07-13 22:14:18","2017-01-26 13:48:09","300e02886b8e3333fc902d46c9200f27450045fe"
442,1,1,0,"cdibella","cdibella","2017-01-26 13:48:09","2017-07-13 22:14:18","2017-01-26 13:48:09","9cf04c2e8b220ab49d48f72b036febe6c4ace879"
443,1,1,0,"cdibella","cdibella","2017-01-26 13:48:09","2017-07-13 22:14:18","2017-01-26 13:48:09","49b0aa4ff845da3a2090c4cff7d0651ab9f7fbfe"
444,1,1,0,"cdibella","cdibella","2017-01-26 13:48:09","2017-07-13 22:14:18","2017-01-26 13:48:09","2f33b9002c81f81ec597c99cf8264a34df94a384"
445,1,1,0,"cdibella","cdibella","2017-01-26 13:48:09","2017-07-13 22:14:18","2017-01-26 13:48:09","047c8b5da7e2259c3a90bbdc0cc82fcdfaf46706"
446,1,1,0,"cdibella","cdibella","2017-01-26 13:48:09","2017-07-13 22:14:18","2017-01-26 13:48:09","1789be6c1bcd28ce6144fc6f06e222e9c92e09d4"
447,1,1,0,"cdibella","cdibella","2017-01-26 13:48:09","2017-07-13 22:14:18","2017-01-26 13:48:09","5fabf6ab725dd756d3e1f8fb901164e478a7cf0e"
448,1,1,0,"cdibella","cdibella","2017-01-26 13:48:09","2017-07-13 22:14:18","2017-01-26 13:48:09","edfbdbf48add305343e60aedbbd413cbd00479ac"
449,1,1,0,"cdibella","cdibella","2017-01-26 13:48:09","2017-07-13 22:14:18","2017-01-26 13:48:09","b0dd5569c7498a09bb4c0997821865eace5ad3af"
450,1,1,0,"cdibella","cdibella","2017-01-26 13:48:09","2017-07-13 22:14:18","2017-01-26 13:48:09","f4452c7c059ee87dde6885be96b9ff28540d976f"
451,1,1,0,"cdibella","cdibella","2017-01-26 13:48:09","2017-07-13 22:14:18","2017-01-26 13:48:09","677edbfb3e66f2a6f1b85d8b552a36b359e2f3b2"
452,1,1,0,"cdibella","cdibella","2017-01-26 13:48:09","2017-07-13 22:14:18","2017-01-26 13:48:09","a6e764744c92c858c9fa047c28bcb669699df1a3"
453,1,1,0,"cdibella","cdibella","2017-01-26 13:48:09","2017-07-13 22:14:18","2017-01-26 13:48:09","b82fffb3c074f8c562c30ac4fed3323b15d401d8"
454,1,1,0,"cdibella","cdibella","2017-01-26 13:48:09","2017-07-13 22:14:18","2017-01-26 13:48:09","e97413f509f6d17c026420faa0eb49f510aeff0c"
455,1,1,0,"cdibella","cdibella","2017-01-26 13:48:09","2017-07-13 22:14:18","2017-01-26 13:48:09","7c1d4bfe8dbcb2881c19a41b21d21201ee76d05d"
456,1,1,0,"cdibella","cdibella","2017-01-26 13:48:09","2017-07-13 22:14:18","2017-01-26 13:48:09","ce7de1d66b2a5dc0e243dd8f49ca01745dcc5307"
457,1,1,0,"cdibella","cdibella","2017-01-26 13:48:09","2017-07-13 22:14:18","2017-01-26 13:48:09","ebed1c1e40466b6a28a31af3cd4d416a4779d6d4"
458,1,1,0,"cdibella","cdibella","2017-01-26 13:48:09","2017-07-13 22:14:18","2017-01-26 13:48:09","b8799ba9198598faaa24a9f7223b77af1d5bc7cd"
459,1,1,0,"cdibella","cdibella","2017-01-26 13:48:09","2017-07-13 22:14:18","2017-01-26 13:48:09","384c07733621efec7410a150163c9d7a769658ba"
460,1,1,0,"cdibella","cdibella","2017-01-26 13:48:10","2017-07-13 22:14:18","2017-01-26 13:48:10","72b5a643e7ad38ba307d3381b681290c07b3a4a2"
461,1,1,0,"cdibella","cdibella","2017-01-26 13:48:10","2017-07-13 22:14:18","2017-01-26 13:48:10","8c962a334d9d20782e33affaf5615568b1ad084c"
462,1,1,0,"cdibella","cdibella","2017-01-26 13:48:10","2017-07-13 22:14:18","2017-01-26 13:48:10","1c0dd35ebea9af61c5b760b25d5aa90ab2974eb3"
463,1,1,0,"cdibella","cdibella","2017-01-26 13:48:10","2017-07-13 22:14:18","2017-01-26 13:48:10","265a129e3b69bd1d4f0e671129f86497dda237e2"
464,1,1,0,"cdibella","cdibella","2017-01-26 13:48:10","2017-07-13 22:14:18","2017-01-26 13:48:10","c2f286c1b8d668e4047c4877a513809e8ecc0ce8"
465,1,1,0,"cdibella","cdibella","2017-01-26 13:48:10","2017-07-13 22:14:18","2017-01-26 13:48:10","c469f47e9f8657694b0f6a37f572df5fa8cf07fc"
466,1,1,0,"cdibella","cdibella","2017-01-26 13:48:10","2017-07-13 22:14:18","2017-01-26 13:48:10","dc78b013e8d38dad92ffa8787f27d4e7700c95e9"
467,1,1,0,"cdibella","cdibella","2017-01-26 13:48:10","2017-07-13 22:14:18","2017-01-26 13:48:10","8a4aedecafe244abc474cbd8042c498af266fcc5"
468,1,1,0,"cdibella","cdibella","2017-01-26 13:48:10","2017-07-13 22:14:18","2017-01-26 13:48:10","830880d3befafcda2cbcd5c688b47521fcaa9ebe"
469,1,1,0,"cdibella","cdibella","2017-01-26 13:48:10","2017-07-13 22:14:18","2017-01-26 13:48:10","eeee5b0accd9372efe30b0acb44765fd6395b75b"
470,1,1,0,"cdibella","cdibella","2017-01-26 13:48:10","2017-07-13 22:14:18","2017-01-26 13:48:10","4d8657fb79294aee3a8995ee0a0d5bdb848c7253"
471,1,1,0,"cdibella","cdibella","2017-01-26 13:48:10","2017-07-13 22:14:18","2017-01-26 13:48:10","c912c22debeb4263ae511cd19d2054d90a472fdf"
472,1,1,0,"cdibella","cdibella","2017-01-26 13:48:10","2017-07-13 22:14:18","2017-01-26 13:48:10","fc7474f3c5f82c61fd8c096ef33090967d5f57fc"
473,1,1,0,"cdibella","cdibella","2017-01-26 13:48:10","2017-07-13 22:14:18","2017-01-26 13:48:10","187734775bf69e74fe7b241b0cf40e0207dfeee3"
474,1,1,0,"cdibella","cdibella","2017-01-26 13:48:10","2017-07-13 22:14:18","2017-01-26 13:48:10","9ef53a4de3b31d0aef1820e01e767db81358cf04"
475,1,1,0,"cdibella","cdibella","2017-01-26 13:48:10","2017-07-13 22:14:18","2017-01-26 13:48:10","ee99131c0e4bb3fb67cf09a83b9ec7a6e4d3cc6c"
476,1,1,0,"cdibella","cdibella","2017-01-26 13:48:10","2017-07-13 22:14:18","2017-01-26 13:48:10","7a745aa240413ad9d620f34d889e183f2ffcaeea"
477,1,1,0,"cdibella","cdibella","2017-01-26 13:48:10","2017-07-13 22:14:18","2017-01-26 13:48:10","885f7f5c82ed01d04ebb01f4da913cf465ef9e92"
478,1,1,0,"cdibella","cdibella","2017-01-26 13:48:10","2017-07-13 22:14:18","2017-01-26 13:48:10","b4b32468c64e4261879a83fdb55d1454b3615ca8"
479,1,1,0,"cdibella","cdibella","2017-01-26 13:48:10","2017-07-13 22:14:18","2017-01-26 13:48:10","f3fec6c9dabc1b1ced9fe4b26b38a0e4e4f2d585"
480,1,1,0,"cdibella","cdibella","2017-01-26 13:48:10","2017-07-13 22:14:18","2017-01-26 13:48:10","8f8a0e4318ac345bdaf9eafff19907f743c2159a"
481,1,1,0,"cdibella","cdibella","2017-01-26 13:48:10","2017-07-13 22:14:18","2017-01-26 13:48:10","f299062cdab3c2bd9239ce70246c04e085b23c93"
482,1,1,0,"cdibella","cdibella","2017-01-26 13:48:10","2017-07-13 22:14:18","2017-01-26 13:48:10","855befe798a1cea5e4fed0382254e070e1b89c3f"
483,1,1,0,"cdibella","cdibella","2017-01-26 13:48:10","2017-07-13 22:14:18","2017-01-26 13:48:10","393d55b65f5c9dff62ae5d1633dc63b77c5a5cec"
484,1,1,0,"cdibella","cdibella","2017-01-26 13:48:10","2017-07-13 22:14:18","2017-01-26 13:48:10","ef68856635a7abef58aab6de7b700010ef6f432b"
485,1,1,0,"cdibella","cdibella","2017-01-26 13:48:10","2017-07-13 22:14:18","2017-01-26 13:48:10","d5ab0e293b1765496acdfa3f0301634e025415e4"
486,1,1,0,"cdibella","cdibella","2017-01-26 13:48:10","2017-07-13 22:14:18","2017-01-26 13:48:10","fe93ced7a5213c5b9f5c39b67d4b3f19fc9646ee"
487,1,1,0,"cdibella","cdibella","2017-01-26 13:48:10","2017-07-13 22:14:18","2017-01-26 13:48:10","2cbaf06ee30d5ab4bf78c96481d13c1859882b09"
488,1,1,0,"cdibella","cdibella","2017-01-26 13:48:10","2017-07-13 22:14:18","2017-01-26 13:48:10","021c4aeef55f729e741b67712a3550d90c20dc67"
489,1,1,0,"cdibella","cdibella","2017-01-26 13:48:10","2017-07-13 22:14:18","2017-01-26 13:48:10","272303f4fb1421570bbd6d488a43f0edbefc020f"
490,1,1,0,"cdibella","cdibella","2017-01-26 13:48:10","2017-07-13 22:14:18","2017-01-26 13:48:10","3c9503dd4b6a3bb1572cfa96fa93db7ad8993f43"
491,1,1,0,"cdibella","cdibella","2017-01-26 13:48:10","2017-07-13 22:14:18","2017-01-26 13:48:10","2b2e965ee172a5f09d70e0b546cf4ccc36fa8491"
492,1,1,0,"cdibella","cdibella","2017-01-26 13:48:10","2017-07-13 22:14:18","2017-01-26 13:48:10","c219121d8a7759de1b79de1d879cdfdcd4433d15"
493,1,1,0,"cdibella","cdibella","2017-01-26 13:48:10","2017-07-13 22:14:18","2017-01-26 13:48:10","e9d439e3cf7eaf49bda794694a08ff125340c1f2"
494,1,1,0,"cdibella","cdibella","2017-01-26 13:48:10","2017-07-13 22:14:18","2017-01-26 13:48:10","e57285fad9a347e0b93d86ed7f90eba8bf1850b5"
495,1,1,0,"cdibella","cdibella","2017-01-26 13:48:10","2017-07-13 22:14:18","2017-01-26 13:48:10","e13e06010f4370442290daeb5783405b86f2e5dd"
496,1,1,0,"cdibella","cdibella","2017-01-26 13:48:10","2017-07-13 22:14:18","2017-01-26 13:48:10","ca89171194a7aa636746860c224836027d535b5f"
497,1,1,0,"cdibella","cdibella","2017-01-26 13:48:10","2017-07-13 22:14:18","2017-01-26 13:48:10","5b31350b69ef1cd169be0223f73847b8622ec145"
498,1,1,0,"cdibella","cdibella","2017-01-26 13:48:10","2017-07-13 22:14:18","2017-01-26 13:48:10","0a1ff8e7824f054e93e5b8b17e1dcca2f428736b"
499,1,1,0,"cdibella","cdibella","2017-01-26 13:48:10","2017-07-13 22:14:18","2017-01-26 13:48:10","3ab96ccf28c6418d653aaaa5ed324dd03ecb56b2"
500,1,1,0,"cdibella","cdibella","2017-01-26 13:48:11","2017-07-13 22:14:18","2017-01-26 13:48:11","2588b8b36aca6fcc5d07e8a6d67118277ed6be8f"
501,1,1,0,"cdibella","cdibella","2017-01-26 13:48:11","2017-07-13 22:14:18","2017-01-26 13:48:11","729e5de29a6b42e2e4aa4ed9c650693d8ea2d6f0"
502,1,1,0,"cdibella","cdibella","2017-01-26 13:48:11","2017-07-13 22:14:18","2017-01-26 13:48:11","f8de5b7dc6115bea8ef380c3d80939d06e5998a3"
503,1,1,0,"cdibella","cdibella","2017-01-26 13:48:11","2017-07-13 22:14:18","2017-01-26 13:48:11","0e638d427c4115c94ecd4eb9e1b1335423d59bd1"
504,1,1,0,"cdibella","cdibella","2017-01-26 13:48:11","2017-07-13 22:14:18","2017-01-26 13:48:11","038dc7c37538e5830a163058d05e8e8eadbf6cc5"
505,3,1,0,"cdibella","cdibella","2017-01-26 13:48:11","2017-07-13 22:14:18","2017-01-26 13:48:11","39d7d493632175d56586b2544662cc87a83bda6c"
506,1,1,0,"cdibella","cdibella","2017-01-26 13:48:11","2017-07-13 22:14:18","2017-01-26 13:48:11","6be53a92dd2e10d6b285661a292599b4f6288b4d"
507,1,1,0,"cdibella","cdibella","2017-01-26 13:48:11","2017-07-13 22:14:18","2017-01-26 13:48:11","4aeb5ff24f5e6f56b0873e1c905be6b584c5e47a"
508,1,1,0,"cdibella","cdibella","2017-01-26 13:48:11","2017-07-13 22:14:18","2017-01-26 13:48:11","706dddcfd005f903745c8f51dfff3fa5cb513764"
509,1,1,0,"cdibella","cdibella","2017-01-26 13:48:11","2017-07-13 22:14:18","2017-01-26 13:48:11","2abdd47b54bc6db1c9b6ff0f28e456b62d1ee768"
510,1,1,0,"cdibella","cdibella","2017-01-26 13:48:11","2017-07-13 22:14:18","2017-01-26 13:48:11","0cc2735dc7044f54547145ef2edb5651539ef65c"
511,1,1,0,"cdibella","cdibella","2017-01-26 13:48:11","2017-07-13 22:14:18","2017-01-26 13:48:11","4a9e4bbffc7a98ecd00839a779c0463408e0ec29"
512,1,1,0,"cdibella","cdibella","2017-01-26 13:48:11","2017-07-13 22:14:18","2017-01-26 13:48:11","b1c772f65d2f032a152f89c15fffb20125f2de3c"
513,1,1,0,"cdibella","cdibella","2017-01-26 13:48:11","2017-07-13 22:14:18","2017-01-26 13:48:11","653aba54f5ad5d79a69e632c8621085493a330cb"
514,1,1,0,"cdibella","cdibella","2017-01-26 13:48:11","2017-07-13 22:14:18","2017-01-26 13:48:11","71e973d440fb63a5a4562f046abde524e2404b2a"
515,1,1,0,"cdibella","cdibella","2017-01-26 13:48:11","2017-07-13 22:14:18","2017-01-26 13:48:11","a11f03bab2f19452072e528b22514235e17ad5ac"
516,1,1,0,"cdibella","cdibella","2017-01-26 13:48:11","2017-07-13 22:14:18","2017-01-26 13:48:11","8b2faa4e43a0b42f9b8f343eb19f5908988aefde"
517,1,1,0,"cdibella","cdibella","2017-01-26 13:48:11","2017-07-13 22:14:18","2017-01-26 13:48:11","0063c5fe7ba7514a5f7dd77ca4c8800e71307728"
518,1,1,0,"cdibella","cdibella","2017-01-26 13:48:11","2017-07-13 22:14:18","2017-01-26 13:48:11","5228edec0bea8a0a28b4955dfa40dde18c56ff16"
519,1,1,0,"cdibella","cdibella","2017-01-26 13:48:11","2017-07-13 22:14:18","2017-01-26 13:48:11","4938ef931fd79604c88adb8439be36dcf509d5f7"
520,1,1,0,"cdibella","cdibella","2017-01-26 13:48:11","2017-07-13 22:14:18","2017-01-26 13:48:11","bc844163eada4d2609580caa1e505d167df13c16"
521,1,1,0,"cdibella","cdibella","2017-01-26 13:48:11","2017-07-13 22:14:18","2017-01-26 13:48:11","a738350dbc8fb6f7bab10c4b3ebc11d5c3cd1eed"
522,1,1,0,"cdibella","cdibella","2017-01-26 13:48:11","2017-07-13 22:14:18","2017-01-26 13:48:11","31be211524be5fa662bae88ef3b6a81e70fb6a64"
523,1,1,0,"cdibella","cdibella","2017-01-26 13:48:11","2017-07-13 22:14:18","2017-01-26 13:48:11","bec8f33d38ea5f59b19e958738617d2938bbac6b"
524,1,1,0,"cdibella","cdibella","2017-01-26 13:48:11","2017-07-13 22:14:18","2017-01-26 13:48:11","26549325349d5f212b12f20ef8072f500cdba989"
525,1,1,0,"cdibella","cdibella","2017-01-26 13:48:11","2017-07-13 22:14:18","2017-01-26 13:48:11","738773fbe0cea5a1f9f31e1b0ecc2f54aa1996c2"
526,1,1,0,"cdibella","cdibella","2017-01-26 13:48:11","2017-07-13 22:14:18","2017-01-26 13:48:11","e956188b6b07f3ed1b804eaa644116c9eb02b411"
527,1,1,0,"cdibella","cdibella","2017-01-26 13:48:11","2017-07-13 22:14:18","2017-01-26 13:48:11","6eb7257f464d9d2716bc8f6c1f20f71c2860eac0"
528,1,1,0,"cdibella","cdibella","2017-01-26 13:48:11","2017-07-13 22:14:18","2017-01-26 13:48:11","5f8dd2678ba73add0d39f2cc6753725ec05effb6"
529,1,1,0,"cdibella","cdibella","2017-01-26 13:48:11","2017-07-13 22:14:18","2017-01-26 13:48:11","0f21a2979897541d579ab9f0a63ebd57df2181f9"
530,1,1,0,"cdibella","cdibella","2017-01-26 13:48:11","2017-07-13 22:14:18","2017-01-26 13:48:11","037cc40e02f7130915f720fec8e4132732181464"
531,1,1,0,"cdibella","cdibella","2017-01-26 13:48:11","2017-07-13 22:14:18","2017-01-26 13:48:11","5216f1035c29c8844b39776686dec6d86b4fe58c"
532,1,1,0,"cdibella","cdibella","2017-01-26 13:48:11","2017-07-13 22:14:18","2017-01-26 13:48:11","ac6b927c89697746e8e3c37fe3e93bf18c4094bc"
533,0,1,0,"admin","admin","2017-01-26 14:02:00","2017-07-13 22:14:18","2017-01-26 14:02:00","d3725b8ad85f8b7b7fd00bdebf52f03b3b3d611f"
534,3,1,0,"admin","admin","2017-01-26 19:02:40","2017-07-13 22:14:18","2017-01-26 19:02:40","597e7e663238ab878e88263a84c1a05c04b21bd2"
535,0,1,0,NULL,NULL,"2017-02-01 23:42:32","2017-07-13 22:14:18","2017-02-01 23:42:32","c7f48bfdf17f00ecda2cdacb191fff21fb0e9571"
536,0,1,0,NULL,NULL,"2017-02-03 20:26:05","2017-07-13 22:14:18","2017-02-03 20:26:05","07467d5e67add5d347b4a89840640f86a2f868b1"
537,0,1,0,"admin","admin","2017-02-06 14:13:32","2017-07-13 22:14:18","2017-02-06 14:13:32","09cdb4f77523bfac218f325ef8c25f0bc6edbca8"
538,3,1,0,"admin","admin","2017-02-08 16:03:11","2017-07-13 22:14:18","2017-02-08 16:03:11","7a90f7cd1eb0c67579e364a29201318ced2f65aa"
539,1,1,0,"admin","admin","2017-02-14 20:55:43","2017-07-13 22:14:18","2017-02-14 20:55:43","60691ec1cab87935b602d9631092837687f4209b"
540,1,1,0,"admin","admin","2017-02-15 00:16:39","2017-07-13 22:14:18","2017-02-15 00:16:39","aa4b597371251a78b62a891e35cd6296be30323e"
541,1,1,0,"admin","admin","2017-02-15 00:16:39","2017-07-13 22:14:18","2017-02-15 00:16:39","3215fd641016c500e07ee375be554819ea0adab9"
542,1,1,0,"admin","admin","2017-02-15 00:16:39","2017-07-13 22:14:18","2017-02-15 00:16:39","5b850b542335906d9ffd4d70a3d217993b990c0c"
543,1,1,0,"admin","admin","2017-02-15 00:16:39","2017-07-13 22:14:18","2017-02-15 00:16:39","1b0dd4efe9ef1398c4a3156b0b17617b327dc4d6"
544,1,1,0,"admin","admin","2017-02-15 00:16:39","2017-07-13 22:14:18","2017-02-15 00:16:39","85386cdff33ace283571ba685012269be724b9c8"
545,1,1,0,"admin","admin","2017-02-15 00:16:39","2017-07-13 22:14:18","2017-02-15 00:16:39","15382518ea822ca058d76c0ab54b16f9b7cdf428"
546,1,1,0,"admin","admin","2017-02-15 00:16:39","2017-07-13 22:14:18","2017-02-15 00:16:39","e1b1f2055a7fd0d592c254f7821770b2f6e1f2de"
547,1,1,0,"admin","admin","2017-02-15 00:16:39","2017-07-13 22:14:18","2017-02-15 00:16:39","396fe8c318e6789cc321ae8124fed81ba8244688"
548,1,1,0,"admin","admin","2017-02-15 00:16:39","2017-07-13 22:14:18","2017-02-15 00:16:39","d3e26afe34222a83fba9ff8f6315adf5bb624817"
549,1,1,0,"admin","admin","2017-02-15 00:16:39","2017-07-13 22:14:18","2017-02-15 00:16:39","050f37f367d828ec276709de654360fca77e36ed"
550,2,1,0,"admin","admin","2017-02-15 00:16:39","2017-07-13 22:14:18","2017-02-15 00:16:39","70b795afb208263d6cc6c3d53c661131139876f2"
551,1,1,0,"admin","admin","2017-02-15 00:16:39","2017-07-13 22:14:18","2017-02-15 00:16:39","56704bd01bf7a72ad4193994c581cc06a26123c1"
552,1,1,0,"admin","admin","2017-02-15 00:16:39","2017-07-13 22:14:18","2017-02-15 00:16:39","4d78fab27bfda17814dd3f1efb5f1806bbfe7bf1"
553,1,1,0,"admin","admin","2017-02-15 00:16:39","2017-07-13 22:14:18","2017-02-15 00:16:39","8450d72a21115d0465619cf6382ab919b65d1896"
554,1,1,0,"admin","admin","2017-02-15 00:16:39","2017-07-13 22:14:18","2017-02-15 00:16:39","628ad9041917c06c62aba5281a2e16631723a2e5"
555,1,1,0,"admin","admin","2017-02-15 00:16:39","2017-07-13 22:14:18","2017-02-15 00:16:39","b02bccfd48cd813580aa05fbfaa31145e15399b7"
556,1,1,0,"admin","admin","2017-02-15 00:16:39","2017-07-13 22:14:18","2017-02-15 00:16:39","774e75a67be50f7596c6bdfdcb426685fe10dfb3"
557,1,1,0,"admin","admin","2017-02-15 00:16:39","2017-07-13 22:14:18","2017-02-15 00:16:39","bfdc321bd2272aaa8884a426be309d286c70a094"
558,1,1,0,"admin","admin","2017-02-15 00:16:39","2017-07-13 22:14:18","2017-02-15 00:16:39","35de3ae2acd315a2dbb932109c6e10fd4ab9a3db"
559,2,1,0,"admin","admin","2017-02-15 03:35:33","2017-07-13 22:14:18","2017-02-15 03:35:33","e4cdc2843b3fe97bc3b440716abbf63c65cf279b"
560,2,1,0,"admin","admin","2017-02-15 03:35:33","2017-07-13 22:14:18","2017-02-15 03:35:33","3a9603b97df37bfcb23ec9af134d5165c52a7ffa"
561,2,1,0,"admin","admin","2017-02-15 03:35:33","2017-07-13 22:14:18","2017-02-15 03:35:33","34e3997bd577d89e7f0639922c3d0b7d461e0981"
562,2,1,0,"admin","admin","2017-02-15 03:35:33","2017-07-13 22:14:18","2017-02-15 03:35:33","95b12eed09802c1eb87e2bf05a78d03172551ea0"
563,2,1,0,"admin","admin","2017-02-15 03:35:33","2017-07-13 22:14:18","2017-02-15 03:35:33","9939b3d7b87935f4e8efda5dac4925bdf3e7261c"
564,4,1,0,"admin","admin","2017-02-15 03:35:33","2017-07-13 22:14:18","2017-02-15 03:35:33","d55ba929fd262aaaba9641210c70130603a3d005"
565,2,1,0,"admin","admin","2017-02-15 03:35:33","2017-07-13 22:14:18","2017-02-15 03:35:33","6e42788b1dab4f9385b606db3a9d7bfdd5b4c650"
566,2,1,0,"admin","admin","2017-02-15 03:35:33","2017-07-13 22:14:18","2017-02-15 03:35:33","53ccbf0b778e7d09793f43b238b50b314eb1aff7"
567,2,1,0,"admin","admin","2017-02-15 03:35:33","2017-07-13 22:14:18","2017-02-15 03:35:33","acec0d2a6a7e3a83c7ffd7d7c88e49befb0fcbd0"
568,2,1,0,"admin","admin","2017-02-15 03:35:33","2017-07-13 22:14:18","2017-02-15 03:35:33","54fdfc0e484b409300f1d606cf82df99106c6ec4"
569,2,1,0,"admin","admin","2017-02-15 03:35:33","2017-07-13 22:14:18","2017-02-15 03:35:33","81d693a8e9eaa915de9262e3b1e49978352d7d95"
570,1,1,0,"admin","admin","2017-02-16 19:13:31","2017-07-13 22:14:18","2017-02-16 19:13:31","a6c15fdda104c575b1442006d74fbc54f83ad0ff"
571,1,1,0,"admin","admin","2017-02-16 19:13:31","2017-07-13 22:14:18","2017-02-16 19:13:31","aa6b1520b522ff07ef2c6a3291b862f0971280bc"
572,1,1,0,"admin","admin","2017-02-16 19:13:31","2017-07-13 22:14:18","2017-02-16 19:13:31","9eed9d58ef3143c5987431a66360a81cf42ba981"
573,1,1,0,"admin","admin","2017-02-16 19:13:31","2017-07-13 22:14:18","2017-02-16 19:13:31","cf48ff77f96abf92fd10d5d0debe604bdadeda1e"
574,1,1,0,"admin","admin","2017-02-16 19:13:31","2017-07-13 22:14:18","2017-02-16 19:13:31","85fe1ad56db6c0562bbb1501b1866bd8f5a5558e"
575,1,1,0,"admin","admin","2017-02-16 19:13:31","2017-07-13 22:14:18","2017-02-16 19:13:31","3cfb492ab35afdf4a4b04f565bbb4b106596d06f"
576,1,1,0,"admin","admin","2017-02-16 19:13:31","2017-07-13 22:14:18","2017-02-16 19:13:31","02f08aa17409ed5e46ad34392ad79203928eadea"
577,1,1,0,"admin","admin","2017-02-16 19:13:31","2017-07-13 22:14:18","2017-02-16 19:13:31","730dbc4e4117d0d71b4f184862c2bc1ca726507e"
578,1,1,0,"admin","admin","2017-02-16 19:13:31","2017-07-13 22:14:18","2017-02-16 19:13:31","012b8a46617501dd9f37bb3def7d1855c996e3c4"
579,1,1,0,"admin","admin","2017-02-16 19:13:31","2017-07-13 22:14:18","2017-02-16 19:13:31","db6de82a3c419f2e769dae3578fe4764d9cb61c5"
580,1,1,0,"admin","admin","2017-02-16 19:13:31","2017-07-13 22:14:18","2017-02-16 19:13:31","1808840567b2f30f906aae9f47152837119e8766"
581,1,1,0,"admin","admin","2017-02-16 19:13:31","2017-07-13 22:14:18","2017-02-16 19:13:31","b2601280bef7c314897b3156d1b2d72a5f6b186e"
582,1,1,0,"admin","admin","2017-02-16 19:13:32","2017-07-13 22:14:18","2017-02-16 19:13:32","b8dd6804b331f6c1e909cf133ac7cf9e4420435d"
583,1,1,0,"admin","admin","2017-02-16 19:13:32","2017-07-13 22:14:18","2017-02-16 19:13:32","c074b43e2d1e9b9ae4ce4d116032a3116e93b805"
584,1,1,0,"admin","admin","2017-02-16 19:13:32","2017-07-13 22:14:18","2017-02-16 19:13:32","88e638818e7ba4d54d767cb2b2bd1b912dcfdb35"
585,1,1,0,"admin","admin","2017-02-16 19:13:32","2017-07-13 22:14:18","2017-02-16 19:13:32","599396c0410cfd61293072e833a2b353b9acc62b"
586,1,1,0,"admin","admin","2017-02-16 19:13:32","2017-07-13 22:14:18","2017-02-16 19:13:32","1ee5759d0103133c460c312d2f2040641f1643bf"
587,1,1,0,"admin","admin","2017-02-16 19:13:32","2017-07-13 22:14:18","2017-02-16 19:13:32","7804c896bae7cdabf0131a879e0fda9acc156d8a"
588,1,1,0,"admin","admin","2017-02-16 19:13:32","2017-07-13 22:14:18","2017-02-16 19:13:32","1eeca4f1ad5179e07bcb1ec4c1c30a5b6da790e1"
589,1,1,0,"admin","admin","2017-02-16 19:13:32","2017-07-13 22:14:18","2017-02-16 19:13:32","58e656bfcc3876654915a0b2ecb8f9706bcdfc21"
590,1,1,0,"admin","admin","2017-02-16 19:13:32","2017-07-13 22:14:18","2017-02-16 19:13:32","c22fba1e0a8d060feced7418733cc90463728c65"
591,1,1,0,"admin","admin","2017-02-16 19:13:32","2017-07-13 22:14:18","2017-02-16 19:13:32","1a2d67dadf5f97d03f713c3222b8f4792329afc8"
592,1,1,0,"admin","admin","2017-02-16 19:13:32","2017-07-13 22:14:18","2017-02-16 19:13:32","e432597549685f228b90a5166f66f61276a0a182"
593,1,1,0,"admin","admin","2017-02-16 19:13:32","2017-07-13 22:14:18","2017-02-16 19:13:32","9224c40e3141588f3f1ae5f9d56d38223785aa43"
594,1,1,0,"admin","admin","2017-02-16 19:13:32","2017-07-13 22:14:18","2017-02-16 19:13:32","fb8cc0011dc883c2869827437bfab5d8fab12b14"
595,1,1,0,"admin","admin","2017-02-16 19:13:32","2017-07-13 22:14:18","2017-02-16 19:13:32","1181a95d12cdc7d6c7818373902acead5a171559"
596,1,1,0,"admin","admin","2017-02-16 19:13:32","2017-07-13 22:14:18","2017-02-16 19:13:32","1f9dcbc60d12ba4195a77fc12ab6a7d8d2dd10bc"
597,1,1,0,"admin","admin","2017-02-16 19:13:32","2017-07-13 22:14:18","2017-02-16 19:13:32","8c117ccbe6fed4638293939a287406fe61316f2d"
598,1,1,0,"admin","admin","2017-02-16 19:13:32","2017-07-13 22:14:18","2017-02-16 19:13:32","9e21e185eb28ba20155618bafcf2939c0432fff3"
599,1,1,0,"admin","admin","2017-02-16 19:13:32","2017-07-13 22:14:18","2017-02-16 19:13:32","45b2b1f0fb524399e45faaea39df8e84d365faa2"
600,1,1,0,"admin","admin","2017-02-16 19:13:32","2017-07-13 22:14:18","2017-02-16 19:13:32","2867a7848d46b465b0b0c0bcb3a3554c20ef5231"
601,1,1,0,"admin","admin","2017-02-16 19:13:32","2017-07-13 22:14:18","2017-02-16 19:13:32","a2692e1ff349649e44e7d90db0939225598c4ae3"
602,1,1,0,"admin","admin","2017-02-16 19:13:32","2017-07-13 22:14:18","2017-02-16 19:13:32","de743113c5ef79c2467aa6c2ce380da0d8fc6d7a"
603,1,1,0,"admin","admin","2017-02-16 19:13:32","2017-07-13 22:14:18","2017-02-16 19:13:32","67cf28af3c97e0b2bc2a07bb07db4583abc661ed"
604,1,1,0,"admin","admin","2017-02-16 19:13:32","2017-07-13 22:14:18","2017-02-16 19:13:32","8335bd76d4d3826aebe15cea94374efaadd8e611"
605,1,1,0,"admin","admin","2017-02-16 19:13:32","2017-07-13 22:14:18","2017-02-16 19:13:32","27e281e84b8802687bda520a336495e80dc9b240"
606,1,1,0,"admin","admin","2017-02-16 19:13:32","2017-07-13 22:14:18","2017-02-16 19:13:32","36541932eaf92b702b6fcf136a3436f72f885f78"
607,1,1,0,"admin","admin","2017-02-16 19:13:32","2017-07-13 22:14:18","2017-02-16 19:13:32","5156da8aeeb42fe9429c015d2cd74b9720bf4acf"
608,1,1,0,"admin","admin","2017-02-16 19:13:32","2017-07-13 22:14:18","2017-02-16 19:13:32","7c024f0ed61a92196a307510ab79d219ae26580e"
609,1,1,0,"admin","admin","2017-02-16 19:13:32","2017-07-13 22:14:18","2017-02-16 19:13:32","0f5e6caa157dec571b8ef9876ed283dd32409af9"
610,1,1,0,"admin","admin","2017-02-16 19:13:32","2017-07-13 22:14:18","2017-02-16 19:13:32","1b3d99108d20963aee15e8db3b896fc96eaa2c6c"
611,1,1,0,"admin","admin","2017-02-16 19:13:32","2017-07-13 22:14:18","2017-02-16 19:13:32","6ccc7b12b651e232f2701627772523f0be019135"
612,1,1,0,"admin","admin","2017-02-16 19:13:32","2017-07-13 22:14:18","2017-02-16 19:13:32","6ef5d82c0966a9d4c487172c9aedacd13735ce58"
613,1,1,0,"admin","admin","2017-02-16 19:13:32","2017-07-13 22:14:18","2017-02-16 19:13:32","7e761881e7155616b90279e0137617ea2574a787"
614,1,1,0,"admin","admin","2017-02-16 19:13:32","2017-07-13 22:14:18","2017-02-16 19:13:32","9fa80752a0c8bb94cd3dccbe01a9e75b3fc5daae"
615,1,1,0,"admin","admin","2017-02-16 19:13:32","2017-07-13 22:14:18","2017-02-16 19:13:32","619df69fc8ffe9f4dc32f51e34cf63c3cab05026"
616,1,1,0,"admin","admin","2017-02-16 19:13:32","2017-07-13 22:14:18","2017-02-16 19:13:32","8e1b3a35998052e2daf40a446a64dda08230c742"
617,1,1,0,"admin","admin","2017-02-16 19:13:33","2017-07-13 22:14:18","2017-02-16 19:13:33","378da8ef7a1ec6dcca55f36a09a8d75b0b8cb2fd"
618,1,1,0,"admin","admin","2017-02-16 19:13:33","2017-07-13 22:14:18","2017-02-16 19:13:33","715ab31fc5123adbd246ce961366ea7ab69c8557"
619,1,1,0,"admin","admin","2017-02-16 19:13:33","2017-07-13 22:14:18","2017-02-16 19:13:33","f10d3f126b346edd3e6740ca723115e931f478ae"
620,1,1,0,"admin","admin","2017-02-16 19:13:33","2017-07-13 22:14:18","2017-02-16 19:13:33","e65d66c1bc5aa8af46a3e206587590bbfedc21a2"
621,1,1,0,"admin","admin","2017-02-16 19:13:33","2017-07-13 22:14:18","2017-02-16 19:13:33","c935ecbd0aa209b6a1df4ef5c2806be99d4d7974"
622,1,1,0,"admin","admin","2017-02-16 19:13:33","2017-07-13 22:14:18","2017-02-16 19:13:33","fd506b2b3aad992d34d8fb20bed5170ca67299e7"
623,1,1,0,"admin","admin","2017-02-16 19:13:33","2017-07-13 22:14:18","2017-02-16 19:13:33","ad83dcf9b86bbba12486e566057579cb2202e39a"
624,1,1,0,"admin","admin","2017-02-16 19:13:33","2017-07-13 22:14:18","2017-02-16 19:13:33","102a4ba565aaca513b77b4cb04763407ee9a2846"
625,1,1,0,"admin","admin","2017-02-16 19:13:33","2017-07-13 22:14:18","2017-02-16 19:13:33","8d79616d50188916fb8523daea99bfaf804b7912"
626,1,1,0,"admin","admin","2017-02-16 19:13:33","2017-07-13 22:14:18","2017-02-16 19:13:33","a6899e62e2101a7c3388f02a9bf5f1ba88c6c67e"
627,1,1,0,"admin","admin","2017-02-16 19:13:33","2017-07-13 22:14:18","2017-02-16 19:13:33","3e39b5052d2da58ecf8d4606a1b6957cc7ac6d08"
628,1,1,0,"admin","admin","2017-02-16 19:13:33","2017-07-13 22:14:18","2017-02-16 19:13:33","1106bac8f66c6870f7139da4b4e88abd36b7f7e5"
629,1,1,0,"admin","admin","2017-02-16 19:13:33","2017-07-13 22:14:18","2017-02-16 19:13:33","73e5d03ef3b7b3796eaf349c11ff5a71bea302ae"
630,1,1,0,"admin","admin","2017-02-16 19:13:33","2017-07-13 22:14:18","2017-02-16 19:13:33","2d054ecb19b1c41e70085aee634297dc6ec317fc"
631,1,1,0,"admin","admin","2017-02-16 19:13:33","2017-07-13 22:14:18","2017-02-16 19:13:33","e981f3d1aa74a376f8019abff8d82b5854be6ff8"
632,1,1,0,"admin","admin","2017-02-16 19:13:33","2017-07-13 22:14:18","2017-02-16 19:13:33","6d93b289077726a9ba3be8f84b82e2b306be809d"
633,1,1,0,"admin","admin","2017-02-16 19:13:33","2017-07-13 22:14:18","2017-02-16 19:13:33","916d1557ad9e856330effd101d61a3af5656a38c"
634,1,1,0,"admin","admin","2017-02-16 19:13:33","2017-07-13 22:14:18","2017-02-16 19:13:33","cc5f0870708044ec63be9dba433a965a766e03d0"
635,1,1,0,"admin","admin","2017-02-16 19:13:33","2017-07-13 22:14:18","2017-02-16 19:13:33","2e251e103f4ce9364eb4fa3cfbb8bbc76be14393"
636,1,1,0,"admin","admin","2017-02-16 19:13:33","2017-07-13 22:14:18","2017-02-16 19:13:33","741df77289e7e4359622f8e04f78f38c9259be28"
637,1,1,0,"admin","admin","2017-02-16 19:13:33","2017-07-13 22:14:18","2017-02-16 19:13:33","d459640ad3a3d6ba636389e3a3d3a44504692e3d"
638,1,1,0,"admin","admin","2017-02-16 19:13:33","2017-07-13 22:14:18","2017-02-16 19:13:33","051f103ff6fc2202ba3777d582ba87cf8ec8b252"
639,1,1,0,"admin","admin","2017-02-16 19:13:33","2017-07-13 22:14:18","2017-02-16 19:13:33","cd53480e937e822e380812e9d39d7e9b987a9a54"
640,1,1,0,"admin","admin","2017-02-16 19:13:33","2017-07-13 22:14:18","2017-02-16 19:13:33","72e358625b73ca89a243230a339ee6e654a09111"
641,1,1,0,"admin","admin","2017-02-16 19:13:33","2017-07-13 22:14:18","2017-02-16 19:13:33","cf6c6f45b693bad0a394cf4de7c08962464dba28"
642,1,1,0,"admin","admin","2017-02-16 19:13:33","2017-07-13 22:14:18","2017-02-16 19:13:33","aedbd5f93846e7a5cbef740dbf9ed26bb81143ed"
643,1,1,0,"admin","admin","2017-02-16 19:13:33","2017-07-13 22:14:18","2017-02-16 19:13:33","60ad0dd98b76f2639669c98604834415dfc68348"
644,1,1,0,"admin","admin","2017-02-16 19:13:33","2017-07-13 22:14:18","2017-02-16 19:13:33","bb0b21c948df10134dbdc37c5f63c9167d371b5d"
645,1,1,0,"admin","admin","2017-02-16 19:13:33","2017-07-13 22:14:18","2017-02-16 19:13:33","1af298f4631b157f9bab7e8f5291661b7eb97080"
646,1,1,0,"admin","admin","2017-02-16 19:13:33","2017-07-13 22:14:18","2017-02-16 19:13:33","c9faf00b740b0328aa3cbeb72caf8edc91177086"
647,1,1,0,"admin","admin","2017-02-16 19:13:34","2017-07-13 22:14:18","2017-02-16 19:13:34","0ddf80eb7de6da44cd77fae5f82490216e7a06de"
648,1,1,0,"admin","admin","2017-02-16 19:13:34","2017-07-13 22:14:18","2017-02-16 19:13:34","0008cc512c357ed347689dc969f61528bb7b317b"
649,1,1,0,"admin","admin","2017-02-16 19:13:34","2017-07-13 22:14:18","2017-02-16 19:13:34","859cba65efbcd4d1b1510457ad6bab44545f2cc0"
650,1,1,0,"admin","admin","2017-03-06 23:31:25","2017-07-13 22:14:18","2017-03-06 23:31:25","87b0ecc5fa78fdc01b35ac522febe177b1f89efe"
653,2,1,0,"admin","admin","2017-03-20 19:04:20","2017-07-13 22:14:18","2017-03-20 19:04:20","a04eb17e6593b6b00fabc3d8a2eec42af20c6d94"
654,2,1,0,"admin","admin","2017-03-20 19:04:20","2017-07-13 22:14:18","2017-03-20 19:04:20","7ec2f6c766e21d88a40c09e90da4daa0dbef40be"
655,3,1,0,"admin","admin","2017-03-20 19:18:22","2017-07-13 22:14:18","2017-03-20 19:18:22","e330f4e66c5830bf5ed71d776ed48d89e783e917"
656,4,1,0,"admin","admin","2017-03-20 19:31:52","2017-07-13 22:14:18","2017-03-20 19:31:52","42f570e64db6970453301f342a43dca2b8415181"
657,0,1,0,"admin","admin","2017-03-21 17:18:04","2017-07-13 22:14:18","2017-03-21 17:18:04","4546631732b9fbc6c29c6e3dadf72b948541e15d"
658,0,1,0,"admin","admin","2017-03-21 20:58:05","2017-07-13 22:14:18","2017-03-21 20:58:05","f43c0387a12c6797bfd7a0a8d74787d93444c033"
660,0,1,0,"admin","admin","2017-03-22 16:24:04","2017-07-13 22:14:18","2017-03-22 16:24:04","add6c6c326f3c7496a02ed7294243a8ca37d9860"
661,0,1,0,"admin","admin","2017-03-22 19:16:47","2017-07-13 22:14:18","2017-03-22 19:16:47","4a3c859dd7de3ecbc76f1370b81f989a22bf3bb7"
662,0,1,0,"admin","admin","2017-03-23 14:22:07","2017-07-13 22:14:18","2017-03-23 14:22:07","944a065f8e5b2ddf49e9c758134d1adfdd8de1fe"
663,1,1,0,"admin","admin","2017-03-23 14:33:22","2017-07-13 22:14:18","2017-03-23 14:33:22","48353460c6048a4838c3f4dc34e8f310f98a05ec"
664,1,1,0,"admin","admin","2017-03-23 14:33:22","2017-07-13 22:14:18","2017-03-23 14:33:22","1d1b991b99e59e815d0ca60c7a810c988f3a0e26"
665,1,1,0,"admin","admin","2017-03-23 14:37:46","2017-07-13 22:14:18","2017-03-23 14:38:45","baf94f6e44f0e8e6670b9221eda92df6ad4b5023"
666,2,1,0,"admin","admin","2017-03-23 14:43:03","2017-07-13 22:14:18","2017-03-23 14:43:03","80750ec934d373cba1c724b00d4faa895f9afa21"
667,2,1,0,"admin","admin","2017-03-23 14:43:03","2017-07-13 22:14:18","2017-03-23 14:43:03","bb14ca40ec6f5b3c2c414d55b27ab1e80e154500"
668,2,1,0,"admin","admin","2017-03-23 14:43:03","2017-07-13 22:14:18","2017-03-23 14:43:03","f52e29e2e1a5d2127e4c43ba86c01fd39a63aee0"
669,2,1,0,"admin","admin","2017-03-23 14:43:03","2017-07-13 22:14:18","2017-03-23 14:43:03","e521fc0bc210aeb4de03f2c74e3fee6526886dbe"
670,2,1,0,"admin","admin","2017-03-23 14:43:03","2017-07-13 22:14:18","2017-03-23 14:43:03","bd9702b847184311ae72d61ebd35c9ae40feb5f2"
671,2,1,0,"admin","admin","2017-03-23 14:43:03","2017-07-13 22:14:18","2017-03-23 14:43:03","b7d9f837c59023c22510e720ac8c268171425efd"
672,2,1,0,"admin","admin","2017-03-23 14:43:03","2017-07-13 22:14:18","2017-03-23 14:43:03","c243e4490aa4210fe9484d7bbe8a3d258ca67415"
673,4,1,0,"admin","admin","2017-03-23 14:49:52","2017-07-13 22:14:18","2017-03-23 14:49:52","925d1ca5330106bef52c73037cfe8da66e534807"
706,16,1,0,"admin","admin","2017-03-23 15:24:47","2017-07-13 22:14:18","2017-03-23 15:24:47","59b74afd23c658920b38671763a05677af41524b"
707,85,1,0,"admin","admin","2017-03-23 15:24:47","2017-07-13 22:14:18","2017-03-23 15:24:47","cd9f8d81b70efeff73585b4ceab8ed10e19eabd2"
708,7,1,0,"admin","admin","2017-03-23 15:24:47","2017-07-13 22:14:18","2017-03-23 15:24:47","f1bd4037b8ffd25de0b787bb14b182e2d5e819e1"
709,1,1,0,"admin","admin","2017-03-23 15:24:47","2017-07-13 22:14:18","2017-03-23 15:24:47","481c004c985997647eb686fab52aef089859b1cc"
710,1,1,0,"admin","admin","2017-03-23 15:24:47","2017-07-13 22:14:18","2017-03-23 15:24:47","d1850cd49abe9aae3654abd25ace967b16caa0e1"
711,1,1,0,"admin","admin","2017-03-23 15:24:48","2017-07-13 22:14:18","2017-03-23 15:24:48","9c1bd277e69065ec14645e3d1385cdd8325fba87"
712,1,1,0,"admin","admin","2017-03-23 15:24:48","2017-07-13 22:14:18","2017-03-23 15:24:48","b7d712daf94cb814392186eadbcbf66c60343c8d"
713,1,1,0,"admin","admin","2017-03-23 15:24:48","2017-07-13 22:14:18","2017-03-23 15:24:48","693ee8a0d9b53d53cac5244ccfa3d6ab2d7e4f0f"
714,5,1,0,"admin","admin","2017-03-23 15:24:48","2017-07-13 22:14:18","2017-03-23 15:24:48","c7e92e2f010db313718d151d84230a7a8bc113ec"
715,1,1,0,"admin","admin","2017-03-23 15:24:48","2017-07-13 22:14:18","2017-03-23 15:24:48","2cfb2e8e61cef5e88a2774c73ff0bfe9dd738804"
716,1,1,0,"admin","admin","2017-03-23 15:24:48","2017-07-13 22:14:18","2017-03-23 15:24:48","eac81e1caac267a5ce26bdb87aead15a1db1c4ce"
717,1,1,0,"admin","admin","2017-03-23 15:24:48","2017-07-13 22:14:18","2017-03-23 15:24:48","d78ab7d161600561f33cf6390a2d0aed402430df"
718,1,1,0,"admin","admin","2017-03-23 15:24:48","2017-07-13 22:14:18","2017-03-23 15:24:48","5dcbb60fd75ba5a8e6d4aa4723db185d252e3472"
719,1,1,0,"admin","admin","2017-03-23 15:24:48","2017-07-13 22:14:18","2017-03-23 15:24:48","58070c3caf38f6b79961d017fbeede3fe730eb2c"
720,1,1,0,"admin","admin","2017-03-23 15:24:49","2017-07-13 22:14:18","2017-03-23 15:24:49","38630c9b4e4e1000b731d04bb8afe81e7341986c"
721,1,1,0,"admin","admin","2017-03-23 15:24:49","2017-07-13 22:14:18","2017-03-23 15:24:49","40a79304e7b1ecc1ebf3dc4c764f10818a0947cb"
722,1,1,0,"admin","admin","2017-03-23 15:24:49","2017-07-13 22:14:18","2017-03-23 15:24:49","fcebdb53d8e55fb7473684cad35c8e3bfa7d6b27"
723,1,1,0,"admin","admin","2017-03-23 15:24:49","2017-07-13 22:14:18","2017-03-23 15:24:49","da1a6c96d670cf84b8999dd90777f6edf92717fa"
724,1,1,0,"admin","admin","2017-03-23 15:24:49","2017-07-13 22:14:18","2017-03-23 15:24:49","3b4e220656d505b1818ecf0ab07946915490b5d8"
725,1,1,0,"admin","admin","2017-03-23 15:24:50","2017-07-13 22:14:18","2017-03-23 15:24:50","69489e3ce936bbc53ee1c40d3b9bbd6df1767c2b"
726,1,1,0,"admin","admin","2017-03-23 15:24:50","2017-07-13 22:14:18","2017-03-23 15:24:50","942fc8186ce436fc3dd3015594fbcc50a0a85af2"
727,1,1,0,"admin","admin","2017-03-23 15:24:50","2017-07-13 22:14:18","2017-03-23 15:24:50","2e9d4322edecaf291a6c1627acf04b8a0cd7bcda"
728,2,1,0,"admin","admin","2017-03-23 15:24:51","2017-07-13 22:14:18","2017-03-23 15:24:51","8ce5dcad6c16a62dd734a2223aef8a5d3293b579"
729,2,1,0,"admin","admin","2017-03-23 15:24:51","2017-07-13 22:14:18","2017-03-23 15:24:51","cc66112c60edbe5379867726b6ca1b52b0e61645"
730,1,1,0,"admin","admin","2017-03-23 15:24:51","2017-07-13 22:14:18","2017-03-23 15:24:51","3def2a03581e26170251f49cf0380ec1575a8bdd"
731,1,1,0,"admin","admin","2017-03-23 15:24:51","2017-07-13 22:14:18","2017-03-23 15:24:51","3414c39715d6f2e8c09b74d6b852b1a0819579dc"
732,1,1,0,"admin","admin","2017-03-23 15:24:51","2017-07-13 22:14:18","2017-03-23 15:24:51","df83bc60f2489f7912b74263dda8efaf2fc7bf17"
733,1,1,0,"admin","admin","2017-03-23 15:24:51","2017-07-13 22:14:18","2017-03-23 15:24:51","361a40066e3129f6b5288e38bf153529140114cd"
734,1,1,0,"admin","admin","2017-03-23 15:24:51","2017-07-13 22:14:18","2017-03-23 15:24:51","1bb8b980c322782040a9f3e53eb55f09a0426ff3"
735,1,1,0,"admin","admin","2017-03-23 15:24:51","2017-07-13 22:14:18","2017-03-23 15:24:51","6b67c2816183fb59bee4f2ad18a4bd0976856e41"
736,1,1,0,"admin","admin","2017-03-23 15:24:51","2017-07-13 22:14:18","2017-03-23 15:24:51","939bc7370d6563cda0686ff3d9ead9a4f2647cdf"
737,1,1,0,"admin","admin","2017-03-23 15:24:51","2017-07-13 22:14:18","2017-03-23 15:24:51","a4870a3688ce3261b59de4c749ae19605514b2df"
738,2,1,0,"admin","admin","2017-03-24 13:40:30","2017-07-13 22:14:18","2017-03-24 13:40:30","ffeafa6bb4b277cf6fb98e6a75b32eab771b2a97"
739,2,1,0,"admin","admin","2017-03-24 13:40:30","2017-07-13 22:14:18","2017-03-24 13:40:30","8f104f0963efea3a0df40ea9284678c959d79040"
740,2,1,0,"admin","admin","2017-03-24 13:40:30","2017-07-13 22:14:18","2017-03-24 13:40:30","d2692527d4d8b14f452c9593e82dd2c90498d912"
741,2,1,0,"admin","admin","2017-03-24 13:40:30","2017-07-13 22:14:18","2017-03-24 13:40:30","da18a114c40a7fa60cbdb6513de581de72cef1bc"
743,0,1,0,"admin","admin","2017-03-24 14:36:17","2017-07-13 22:14:18","2017-03-24 14:36:17","58b2ecb98d508b2b3d20303be7a3e5fdfa99d0a8"
744,1,1,0,"admin","admin","2017-03-26 22:17:23","2017-07-13 22:14:18","2017-03-26 22:17:23","6cd6125d892841b00bdd9deec59116b28af1e062"
745,1,1,0,"admin","admin","2017-03-26 22:17:23","2017-07-13 22:14:18","2017-03-26 22:17:23","d6cc8b5dec3845c345d4d3cf065776ba0c32b266"
746,2,1,0,"admin","admin","2017-03-26 23:29:39","2017-07-13 22:14:18","2017-03-26 23:29:39","ba9fb509fbbe135c8332c6ede46ad98f3ed8cf84"
747,10,1,0,"admin","admin","2017-03-30 13:47:37","2017-07-13 22:14:18","2017-03-30 13:55:46","94b3206b24a60873f20197297a41549181c3b955"
748,1,1,0,"admin","admin","2017-03-30 15:17:21","2017-07-13 22:14:18","2017-03-30 15:17:21","e34fef5b854275eff34124e86b484ca156e2962f"
749,3,1,0,"admin","admin","2017-03-31 20:14:32","2017-07-13 22:14:18","2017-03-31 20:14:32","a2c9addf21b0693e7f62abb1635f1451ccbf3165"
750,3,1,0,"admin","admin","2017-04-04 13:51:18","2017-07-13 22:14:18","2017-04-04 13:51:18","fe3a844913a010b57cce3a57d617262e37fdaec5"
751,0,1,0,NULL,NULL,"2017-04-07 11:35:26","2017-07-13 22:14:18","2017-04-07 11:35:26","059ae88ada3ea860f90b6c1b00412816e91dc01a"
752,1,1,1,"admin","admin","2017-04-11 16:18:20","2017-07-13 22:14:18","2017-04-11 16:20:12","1b9f97205039c9ae3ea71d0be347477e3d079f53"
753,0,1,0,NULL,NULL,"2017-04-13 10:02:50","2017-07-13 22:14:18","2017-04-13 10:02:50","8a60b4bf39a12a98c7d760a659972bd56a5fc23c"
754,3,1,0,"admin","admin","2017-04-13 19:15:02","2017-07-13 22:14:18","2017-04-27 17:50:25","0e203000690f77a0b3a57188ac3b7db5aa94d65d"
755,0,1,0,"admin","admin","2017-06-21 15:30:39","2017-07-13 22:14:18","2017-06-21 15:30:39","35badc4b07200750d28e52617e97ef83d8bd7558"
756,0,1,0,"admin","admin","2017-06-21 15:32:40","2017-07-13 22:14:18","2017-06-21 15:32:40","342226d1d0122470d73dd38c59840a0b93b8c7e5"
757,0,1,0,"admin","admin","2017-06-21 15:32:45","2017-07-13 22:14:18","2017-06-21 15:32:45","bdc7f2557045cf50d10774faef552ff11d622950"
758,0,1,0,"admin","admin","2017-06-21 15:34:01","2017-07-13 22:14:18","2017-06-21 15:34:01","9a3c66f3f241ec224fdd18ebc38a3ffaf285f985"
759,0,1,0,"admin","admin","2017-06-21 15:34:32","2017-07-13 22:14:18","2017-06-21 15:34:32","5386978329fe5d72467fe71688dc2ca9f11cab71"
760,0,1,0,"admin","admin","2017-06-21 15:35:06","2017-07-13 22:14:18","2017-06-21 15:35:06","4c8bb5627fb2f329bbb9fbb50ee65e19dd3ecdf7"
761,0,1,0,"admin","admin","2017-06-21 15:35:10","2017-07-13 22:14:18","2017-06-21 15:35:10","5966560de3c1e528f00d60df7964ae312905a126"
762,0,1,0,"admin","admin","2017-06-21 15:35:11","2017-07-13 22:14:18","2017-06-21 15:35:11","c6588946c108a7f9d645315580750bda178e4c87"
763,0,1,0,"admin","admin","2017-06-21 15:38:30","2017-07-13 22:14:18","2017-06-21 15:38:30","b8b6007272e94b1bce7d8b5ff4cabab467d0c8f5"
764,0,1,0,"admin","admin","2017-06-21 15:39:31","2017-07-13 22:14:18","2017-06-21 15:39:31","a12b1ab142fa7cd16dfe714be6e24b2eb7b2f9bc"
765,0,1,0,"admin","admin","2017-06-21 15:39:39","2017-07-13 22:14:18","2017-06-21 15:39:39","e1196d7d21cb84bb5bf7e61cd9a6181ca4034dc6"
766,0,1,0,"admin","admin","2017-06-21 15:39:40","2017-07-13 22:14:18","2017-06-21 15:39:40","d118f20fbe0e46be8b651277de3402412dee756c"
767,0,1,0,"admin","admin","2017-06-21 15:39:41","2017-07-13 22:14:18","2017-06-21 15:39:41","f28dd422cb93781827f5974e37d2122c40cf4850"
768,0,1,0,"admin","admin","2017-06-21 15:39:52","2017-07-13 22:14:18","2017-06-21 15:39:52","f269d4bc077c71a22d3769ae63dfc6a33cd66795"
769,0,1,0,"admin","admin","2017-06-21 15:40:05","2017-07-13 22:14:18","2017-06-21 15:40:05","5b9f86c327f581a57d68d8575f965393734a41f9"
770,0,1,0,"admin","admin","2017-06-21 15:52:06","2017-07-13 22:14:18","2017-06-21 15:52:06","a5049e0b6823bc1441c5093d1cf9e8b375d5a5b2"
771,0,1,0,"admin","admin","2017-06-21 15:53:03","2017-07-13 22:14:18","2017-06-21 15:53:03","efffccc8058f5b6b83bdf1003821f1f45d778af5"
772,0,1,0,"admin","admin","2017-06-21 22:03:10","2017-07-13 22:14:18","2017-06-21 22:03:10","5ec80705ef47bdeadaa7cd0ed017a07f39104bbf"
773,0,1,0,"admin","admin","2017-06-21 22:03:19","2017-07-13 22:14:18","2017-06-21 22:03:19","602ace384f1651bb7377003478c1d57ac482f3f5"
774,0,1,0,"admin","admin","2017-06-21 22:03:32","2017-07-13 22:14:18","2017-06-21 22:03:32","38a7a985516cdfce7ceaab4e5ed8dba1244a41fe"
775,0,1,0,"admin","admin","2017-06-21 22:03:35","2017-07-13 22:14:18","2017-06-21 22:03:35","400c0e67830ab588dddebd11580c8a41380f98ce"
776,0,1,0,"admin","admin","2017-06-21 22:04:53","2017-07-13 22:14:18","2017-06-21 22:04:53","7a6ab4f808f28a8c6088d919c4b9a8dde372243e"
777,0,1,0,"admin","admin","2017-06-21 22:05:23","2017-07-13 22:14:18","2017-06-21 22:05:23","1f915fba7a9279a871cffa732d460ce8bc522c6e"
778,0,1,0,"admin","admin","2017-06-21 22:05:58","2017-07-13 22:14:18","2017-06-21 22:05:58","2e29411c64c7fe23744b2ebfc7eee2e3c1af8cb2"
779,0,1,0,"admin","admin","2017-06-21 22:06:02","2017-07-13 22:14:18","2017-06-21 22:06:02","41931b6be8a4debe1e68061790bba8783d2ea116"
780,0,1,0,"admin","admin","2017-06-21 22:06:03","2017-07-13 22:14:18","2017-06-21 22:06:03","da929cf91739a41d00245426e565adc80afc81db"
781,0,1,0,"admin","admin","2017-06-21 22:09:25","2017-07-13 22:14:18","2017-06-21 22:09:25","73e921f62944ca4bb5ac408fa2b5eeb86abc7b79"
782,0,1,0,"admin","admin","2017-06-21 22:10:26","2017-07-13 22:14:18","2017-06-21 22:10:26","6cf80494a9ee96aa930f0b3f2eb1fd4de86487cd"
783,0,1,0,"admin","admin","2017-06-21 22:10:33","2017-07-13 22:14:18","2017-06-21 22:10:33","f771cd9e28c40442ebada1c44639cbe8b287e480"
784,0,1,0,"admin","admin","2017-06-21 22:10:34","2017-07-13 22:14:18","2017-06-21 22:10:34","433e51b67be3570529db3cb928551f6f26251d3f"
785,0,1,0,"admin","admin","2017-06-21 22:10:35","2017-07-13 22:14:18","2017-06-21 22:10:35","b0adebe8aca4ac47e679acf1e965e74b0ff60885"
786,0,1,0,"admin","admin","2017-06-21 22:10:46","2017-07-13 22:14:18","2017-06-21 22:10:46","a9a396156e4dc6c51bb92491f8496bfdd76bcbff"
787,0,1,0,"admin","admin","2017-06-21 22:10:59","2017-07-13 22:14:18","2017-06-21 22:10:59","8a9e550d5ce86ca1e8aab7e4b7066e9575043020"
788,0,1,0,"admin","admin","2017-06-21 22:23:02","2017-07-13 22:14:18","2017-06-21 22:23:02","eeab94adadc70c5caf10e0abcb7960fc3a16a287"
789,0,1,0,"admin","admin","2017-06-21 22:24:00","2017-07-13 22:14:18","2017-06-21 22:24:00","44c87ec49b77591adba9db49abcd1a22451e70f3"
