id,permission_id,group_id
1,1,1
2,2,1
3,3,1
4,4,1
5,5,1
37,5,2
40,5,3
6,6,1
7,7,1
8,8,1
859,8,41
9,9,1
38,9,2
10,10,1
1011,10,5
90,10,11
138,10,17
195,10,23
243,10,29
291,10,35
860,10,41
365,10,42
413,10,48
461,10,54
509,10,60
625,10,66
673,10,72
721,10,78
772,10,85
1049,10,100
1115,10,106
1181,10,112
1247,10,118
1313,10,124
1392,10,130
1458,10,136
1603,10,142
1621,10,148
1700,10,154
1766,10,160
1832,10,166
1898,10,172
1964,10,178
2030,10,184
2096,10,190
2228,10,196
2259,10,202
2325,10,208
2391,10,214
2457,10,220
2523,10,226
2589,10,232
2668,10,238
2747,10,244
2826,10,250
2958,10,256
2989,10,262
3055,10,268
3121,10,274
3253,10,280
3271,10,286
3350,10,292
3429,10,298
3496,10,304
3562,10,310
3628,10,316
3707,10,322
3773,10,328
3918,10,334
3936,10,340
4015,10,346
4081,10,352
4147,10,358
4213,10,364
4279,10,370
4345,10,376
4411,10,382
4543,10,388
4574,10,394
4640,10,400
4706,10,406
4772,10,412
4838,10,418
4904,10,424
4983,10,430
5062,10,436
5141,10,442
5273,10,448
5304,10,454
5370,10,460
5436,10,466
5568,10,472
5586,10,478
5665,10,484
5744,10,490
5811,10,496
11,11,1
1012,11,5
186,11,6
596,11,7
1029,11,8
855,11,9
91,11,11
103,11,12
113,11,13
125,11,14
134,11,15
139,11,17
151,11,18
161,11,19
173,11,20
182,11,21
196,11,23
208,11,24
218,11,25
230,11,26
239,11,27
244,11,29
256,11,30
266,11,31
278,11,32
287,11,33
292,11,35
304,11,36
314,11,37
326,11,38
335,11,39
861,11,41
366,11,42
378,11,43
388,11,44
400,11,45
409,11,46
414,11,48
426,11,49
436,11,50
448,11,51
457,11,52
462,11,54
474,11,55
484,11,56
496,11,57
505,11,58
510,11,60
522,11,61
532,11,62
544,11,63
553,11,64
626,11,66
638,11,67
648,11,68
660,11,69
669,11,70
674,11,72
686,11,73
696,11,74
708,11,75
717,11,76
722,11,78
734,11,79
744,11,80
756,11,81
765,11,82
773,11,85
789,11,86
803,11,87
819,11,88
832,11,89
1050,11,100
1067,11,101
1081,11,102
1097,11,103
1110,11,104
1116,11,106
1133,11,107
1147,11,108
1163,11,109
1176,11,110
1182,11,112
1199,11,113
1213,11,114
1229,11,115
1242,11,116
1248,11,118
1265,11,119
1279,11,120
1295,11,121
1308,11,122
1314,11,124
1379,11,125
1345,11,126
1361,11,127
1374,11,128
1393,11,130
1410,11,131
1424,11,132
1440,11,133
1453,11,134
1459,11,136
1524,11,137
1490,11,138
1506,11,139
1519,11,140
1604,11,142
1555,11,143
1569,11,144
1585,11,145
1598,11,146
1622,11,148
1687,11,149
1653,11,150
1669,11,151
1682,11,152
1701,11,154
1718,11,155
1732,11,156
1748,11,157
1761,11,158
1767,11,160
1784,11,161
1798,11,162
1814,11,163
1827,11,164
1833,11,166
1850,11,167
1864,11,168
1880,11,169
1893,11,170
1899,11,172
1916,11,173
1930,11,174
1946,11,175
1959,11,176
1965,11,178
1982,11,179
1996,11,180
2012,11,181
2025,11,182
2031,11,184
2048,11,185
2062,11,186
2078,11,187
2091,11,188
2097,11,190
2114,11,191
2128,11,192
2144,11,193
2157,11,194
2229,11,196
2246,11,197
2194,11,198
2210,11,199
2223,11,200
2260,11,202
2277,11,203
2291,11,204
2307,11,205
2320,11,206
2326,11,208
2343,11,209
2357,11,210
2373,11,211
2386,11,212
2392,11,214
2409,11,215
2423,11,216
2439,11,217
2452,11,218
2458,11,220
2475,11,221
2489,11,222
2505,11,223
2518,11,224
2524,11,226
2541,11,227
2555,11,228
2571,11,229
2584,11,230
2590,11,232
2655,11,233
2621,11,234
2637,11,235
2650,11,236
2669,11,238
2734,11,239
2700,11,240
2716,11,241
2729,11,242
2748,11,244
2813,11,245
2779,11,246
2795,11,247
2808,11,248
2827,11,250
2844,11,251
2858,11,252
2874,11,253
2887,11,254
2959,11,256
2976,11,257
2924,11,258
2940,11,259
2953,11,260
2990,11,262
3007,11,263
3021,11,264
3037,11,265
3050,11,266
3056,11,268
3073,11,269
3087,11,270
3103,11,271
3116,11,272
3122,11,274
3139,11,275
3153,11,276
3169,11,277
3182,11,278
3254,11,280
3205,11,281
3219,11,282
3235,11,283
3248,11,284
3272,11,286
3337,11,287
3303,11,288
3319,11,289
3332,11,290
3351,11,292
3416,11,293
3382,11,294
3398,11,295
3411,11,296
3430,11,298
3447,11,299
3461,11,300
3477,11,301
3490,11,302
3497,11,304
3514,11,305
3528,11,306
3544,11,307
3557,11,308
3563,11,310
3580,11,311
3594,11,312
3610,11,313
3623,11,314
3629,11,316
3694,11,317
3660,11,318
3676,11,319
3689,11,320
3708,11,322
3725,11,323
3739,11,324
3755,11,325
3768,11,326
3774,11,328
3839,11,329
3805,11,330
3821,11,331
3834,11,332
3919,11,334
3870,11,335
3884,11,336
3900,11,337
3913,11,338
3937,11,340
4002,11,341
3968,11,342
3984,11,343
3997,11,344
4016,11,346
4033,11,347
4047,11,348
4063,11,349
4076,11,350
4082,11,352
4099,11,353
4113,11,354
4129,11,355
4142,11,356
4148,11,358
4165,11,359
4179,11,360
4195,11,361
4208,11,362
4214,11,364
4231,11,365
4245,11,366
4261,11,367
4274,11,368
4280,11,370
4297,11,371
4311,11,372
4327,11,373
4340,11,374
4346,11,376
4363,11,377
4377,11,378
4393,11,379
4406,11,380
4412,11,382
4429,11,383
4443,11,384
4459,11,385
4472,11,386
4544,11,388
4561,11,389
4509,11,390
4525,11,391
4538,11,392
4575,11,394
4592,11,395
4606,11,396
4622,11,397
4635,11,398
4641,11,400
4658,11,401
4672,11,402
4688,11,403
4701,11,404
4707,11,406
4724,11,407
4738,11,408
4754,11,409
4767,11,410
4773,11,412
4790,11,413
4804,11,414
4820,11,415
4833,11,416
4839,11,418
4856,11,419
4870,11,420
4886,11,421
4899,11,422
4905,11,424
4970,11,425
4936,11,426
4952,11,427
4965,11,428
4984,11,430
5049,11,431
5015,11,432
5031,11,433
5044,11,434
5063,11,436
5128,11,437
5094,11,438
5110,11,439
5123,11,440
5142,11,442
5159,11,443
5173,11,444
5189,11,445
5202,11,446
5274,11,448
5291,11,449
5239,11,450
5255,11,451
5268,11,452
5305,11,454
5322,11,455
5336,11,456
5352,11,457
5365,11,458
5371,11,460
5388,11,461
5402,11,462
5418,11,463
5431,11,464
5437,11,466
5454,11,467
5468,11,468
5484,11,469
5497,11,470
5569,11,472
5520,11,473
5534,11,474
5550,11,475
5563,11,476
5587,11,478
5652,11,479
5618,11,480
5634,11,481
5647,11,482
5666,11,484
5731,11,485
5697,11,486
5713,11,487
5726,11,488
5745,11,490
5762,11,491
5776,11,492
5792,11,493
5805,11,494
5812,11,496
5829,11,497
5843,11,498
5859,11,499
5872,11,500
12,12,1
1013,12,5
187,12,6
597,12,7
1030,12,8
856,12,9
92,12,11
104,12,12
114,12,13
126,12,14
135,12,15
140,12,17
152,12,18
162,12,19
174,12,20
183,12,21
197,12,23
209,12,24
219,12,25
231,12,26
240,12,27
245,12,29
257,12,30
267,12,31
279,12,32
288,12,33
293,12,35
305,12,36
315,12,37
327,12,38
336,12,39
862,12,41
367,12,42
379,12,43
389,12,44
401,12,45
410,12,46
415,12,48
427,12,49
437,12,50
449,12,51
458,12,52
463,12,54
475,12,55
485,12,56
497,12,57
506,12,58
511,12,60
523,12,61
533,12,62
545,12,63
554,12,64
627,12,66
639,12,67
649,12,68
661,12,69
670,12,70
675,12,72
687,12,73
697,12,74
709,12,75
718,12,76
723,12,78
735,12,79
745,12,80
757,12,81
766,12,82
774,12,85
790,12,86
804,12,87
820,12,88
833,12,89
1051,12,100
1068,12,101
1082,12,102
1098,12,103
1111,12,104
1117,12,106
1134,12,107
1148,12,108
1164,12,109
1177,12,110
1183,12,112
1200,12,113
1214,12,114
1230,12,115
1243,12,116
1249,12,118
1266,12,119
1280,12,120
1296,12,121
1309,12,122
1315,12,124
1380,12,125
1346,12,126
1362,12,127
1375,12,128
1394,12,130
1411,12,131
1425,12,132
1441,12,133
1454,12,134
1460,12,136
1525,12,137
1491,12,138
1507,12,139
1520,12,140
1605,12,142
1556,12,143
1570,12,144
1586,12,145
1599,12,146
1623,12,148
1688,12,149
1654,12,150
1670,12,151
1683,12,152
1702,12,154
1719,12,155
1733,12,156
1749,12,157
1762,12,158
1768,12,160
1785,12,161
1799,12,162
1815,12,163
1828,12,164
1834,12,166
1851,12,167
1865,12,168
1881,12,169
1894,12,170
1900,12,172
1917,12,173
1931,12,174
1947,12,175
1960,12,176
1966,12,178
1983,12,179
1997,12,180
2013,12,181
2026,12,182
2032,12,184
2049,12,185
2063,12,186
2079,12,187
2092,12,188
2098,12,190
2115,12,191
2129,12,192
2145,12,193
2158,12,194
2230,12,196
2247,12,197
2195,12,198
2211,12,199
2224,12,200
2261,12,202
2278,12,203
2292,12,204
2308,12,205
2321,12,206
2327,12,208
2344,12,209
2358,12,210
2374,12,211
2387,12,212
2393,12,214
2410,12,215
2424,12,216
2440,12,217
2453,12,218
2459,12,220
2476,12,221
2490,12,222
2506,12,223
2519,12,224
2525,12,226
2542,12,227
2556,12,228
2572,12,229
2585,12,230
2591,12,232
2656,12,233
2622,12,234
2638,12,235
2651,12,236
2670,12,238
2735,12,239
2701,12,240
2717,12,241
2730,12,242
2749,12,244
2814,12,245
2780,12,246
2796,12,247
2809,12,248
2828,12,250
2845,12,251
2859,12,252
2875,12,253
2888,12,254
2960,12,256
2977,12,257
2925,12,258
2941,12,259
2954,12,260
2991,12,262
3008,12,263
3022,12,264
3038,12,265
3051,12,266
3057,12,268
3074,12,269
3088,12,270
3104,12,271
3117,12,272
3123,12,274
3140,12,275
3154,12,276
3170,12,277
3183,12,278
3255,12,280
3206,12,281
3220,12,282
3236,12,283
3249,12,284
3273,12,286
3338,12,287
3304,12,288
3320,12,289
3333,12,290
3352,12,292
3417,12,293
3383,12,294
3399,12,295
3412,12,296
3431,12,298
3448,12,299
3462,12,300
3478,12,301
3491,12,302
3498,12,304
3515,12,305
3529,12,306
3545,12,307
3558,12,308
3564,12,310
3581,12,311
3595,12,312
3611,12,313
3624,12,314
3630,12,316
3695,12,317
3661,12,318
3677,12,319
3690,12,320
3709,12,322
3726,12,323
3740,12,324
3756,12,325
3769,12,326
3775,12,328
3840,12,329
3806,12,330
3822,12,331
3835,12,332
3920,12,334
3871,12,335
3885,12,336
3901,12,337
3914,12,338
3938,12,340
4003,12,341
3969,12,342
3985,12,343
3998,12,344
4017,12,346
4034,12,347
4048,12,348
4064,12,349
4077,12,350
4083,12,352
4100,12,353
4114,12,354
4130,12,355
4143,12,356
4149,12,358
4166,12,359
4180,12,360
4196,12,361
4209,12,362
4215,12,364
4232,12,365
4246,12,366
4262,12,367
4275,12,368
4281,12,370
4298,12,371
4312,12,372
4328,12,373
4341,12,374
4347,12,376
4364,12,377
4378,12,378
4394,12,379
4407,12,380
4413,12,382
4430,12,383
4444,12,384
4460,12,385
4473,12,386
4545,12,388
4562,12,389
4510,12,390
4526,12,391
4539,12,392
4576,12,394
4593,12,395
4607,12,396
4623,12,397
4636,12,398
4642,12,400
4659,12,401
4673,12,402
4689,12,403
4702,12,404
4708,12,406
4725,12,407
4739,12,408
4755,12,409
4768,12,410
4774,12,412
4791,12,413
4805,12,414
4821,12,415
4834,12,416
4840,12,418
4857,12,419
4871,12,420
4887,12,421
4900,12,422
4906,12,424
4971,12,425
4937,12,426
4953,12,427
4966,12,428
4985,12,430
5050,12,431
5016,12,432
5032,12,433
5045,12,434
5064,12,436
5129,12,437
5095,12,438
5111,12,439
5124,12,440
5143,12,442
5160,12,443
5174,12,444
5190,12,445
5203,12,446
5275,12,448
5292,12,449
5240,12,450
5256,12,451
5269,12,452
5306,12,454
5323,12,455
5337,12,456
5353,12,457
5366,12,458
5372,12,460
5389,12,461
5403,12,462
5419,12,463
5432,12,464
5438,12,466
5455,12,467
5469,12,468
5485,12,469
5498,12,470
5570,12,472
5521,12,473
5535,12,474
5551,12,475
5564,12,476
5588,12,478
5653,12,479
5619,12,480
5635,12,481
5648,12,482
5667,12,484
5732,12,485
5698,12,486
5714,12,487
5727,12,488
5746,12,490
5763,12,491
5777,12,492
5793,12,493
5806,12,494
5813,12,496
5830,12,497
5844,12,498
5860,12,499
5873,12,500
13,13,1
1014,13,5
188,13,6
598,13,7
1031,13,8
857,13,9
93,13,11
105,13,12
115,13,13
127,13,14
136,13,15
141,13,17
153,13,18
163,13,19
175,13,20
184,13,21
198,13,23
210,13,24
220,13,25
232,13,26
241,13,27
246,13,29
258,13,30
268,13,31
280,13,32
289,13,33
294,13,35
306,13,36
316,13,37
328,13,38
337,13,39
863,13,41
368,13,42
380,13,43
390,13,44
402,13,45
411,13,46
416,13,48
428,13,49
438,13,50
450,13,51
459,13,52
464,13,54
476,13,55
486,13,56
498,13,57
507,13,58
512,13,60
524,13,61
534,13,62
546,13,63
555,13,64
628,13,66
640,13,67
650,13,68
662,13,69
671,13,70
676,13,72
688,13,73
698,13,74
710,13,75
719,13,76
724,13,78
736,13,79
746,13,80
758,13,81
767,13,82
775,13,85
791,13,86
805,13,87
821,13,88
834,13,89
1052,13,100
1069,13,101
1083,13,102
1099,13,103
1112,13,104
1118,13,106
1135,13,107
1149,13,108
1165,13,109
1178,13,110
1184,13,112
1201,13,113
1215,13,114
1231,13,115
1244,13,116
1250,13,118
1267,13,119
1281,13,120
1297,13,121
1310,13,122
1316,13,124
1381,13,125
1347,13,126
1363,13,127
1376,13,128
1395,13,130
1412,13,131
1426,13,132
1442,13,133
1455,13,134
1461,13,136
1526,13,137
1492,13,138
1508,13,139
1521,13,140
1606,13,142
1557,13,143
1571,13,144
1587,13,145
1600,13,146
1624,13,148
1689,13,149
1655,13,150
1671,13,151
1684,13,152
1703,13,154
1720,13,155
1734,13,156
1750,13,157
1763,13,158
1769,13,160
1786,13,161
1800,13,162
1816,13,163
1829,13,164
1835,13,166
1852,13,167
1866,13,168
1882,13,169
1895,13,170
1901,13,172
1918,13,173
1932,13,174
1948,13,175
1961,13,176
1967,13,178
1984,13,179
1998,13,180
2014,13,181
2027,13,182
2033,13,184
2050,13,185
2064,13,186
2080,13,187
2093,13,188
2099,13,190
2116,13,191
2130,13,192
2146,13,193
2159,13,194
2231,13,196
2248,13,197
2196,13,198
2212,13,199
2225,13,200
2262,13,202
2279,13,203
2293,13,204
2309,13,205
2322,13,206
2328,13,208
2345,13,209
2359,13,210
2375,13,211
2388,13,212
2394,13,214
2411,13,215
2425,13,216
2441,13,217
2454,13,218
2460,13,220
2477,13,221
2491,13,222
2507,13,223
2520,13,224
2526,13,226
2543,13,227
2557,13,228
2573,13,229
2586,13,230
2592,13,232
2657,13,233
2623,13,234
2639,13,235
2652,13,236
2671,13,238
2736,13,239
2702,13,240
2718,13,241
2731,13,242
2750,13,244
2815,13,245
2781,13,246
2797,13,247
2810,13,248
2829,13,250
2846,13,251
2860,13,252
2876,13,253
2889,13,254
2961,13,256
2978,13,257
2926,13,258
2942,13,259
2955,13,260
2992,13,262
3009,13,263
3023,13,264
3039,13,265
3052,13,266
3058,13,268
3075,13,269
3089,13,270
3105,13,271
3118,13,272
3124,13,274
3141,13,275
3155,13,276
3171,13,277
3184,13,278
3256,13,280
3207,13,281
3221,13,282
3237,13,283
3250,13,284
3274,13,286
3339,13,287
3305,13,288
3321,13,289
3334,13,290
3353,13,292
3418,13,293
3384,13,294
3400,13,295
3413,13,296
3432,13,298
3449,13,299
3463,13,300
3479,13,301
3492,13,302
3499,13,304
3516,13,305
3530,13,306
3546,13,307
3559,13,308
3565,13,310
3582,13,311
3596,13,312
3612,13,313
3625,13,314
3631,13,316
3696,13,317
3662,13,318
3678,13,319
3691,13,320
3710,13,322
3727,13,323
3741,13,324
3757,13,325
3770,13,326
3776,13,328
3841,13,329
3807,13,330
3823,13,331
3836,13,332
3921,13,334
3872,13,335
3886,13,336
3902,13,337
3915,13,338
3939,13,340
4004,13,341
3970,13,342
3986,13,343
3999,13,344
4018,13,346
4035,13,347
4049,13,348
4065,13,349
4078,13,350
4084,13,352
4101,13,353
4115,13,354
4131,13,355
4144,13,356
4150,13,358
4167,13,359
4181,13,360
4197,13,361
4210,13,362
4216,13,364
4233,13,365
4247,13,366
4263,13,367
4276,13,368
4282,13,370
4299,13,371
4313,13,372
4329,13,373
4342,13,374
4348,13,376
4365,13,377
4379,13,378
4395,13,379
4408,13,380
4414,13,382
4431,13,383
4445,13,384
4461,13,385
4474,13,386
4546,13,388
4563,13,389
4511,13,390
4527,13,391
4540,13,392
4577,13,394
4594,13,395
4608,13,396
4624,13,397
4637,13,398
4643,13,400
4660,13,401
4674,13,402
4690,13,403
4703,13,404
4709,13,406
4726,13,407
4740,13,408
4756,13,409
4769,13,410
4775,13,412
4792,13,413
4806,13,414
4822,13,415
4835,13,416
4841,13,418
4858,13,419
4872,13,420
4888,13,421
4901,13,422
4907,13,424
4972,13,425
4938,13,426
4954,13,427
4967,13,428
4986,13,430
5051,13,431
5017,13,432
5033,13,433
5046,13,434
5065,13,436
5130,13,437
5096,13,438
5112,13,439
5125,13,440
5144,13,442
5161,13,443
5175,13,444
5191,13,445
5204,13,446
5276,13,448
5293,13,449
5241,13,450
5257,13,451
5270,13,452
5307,13,454
5324,13,455
5338,13,456
5354,13,457
5367,13,458
5373,13,460
5390,13,461
5404,13,462
5420,13,463
5433,13,464
5439,13,466
5456,13,467
5470,13,468
5486,13,469
5499,13,470
5571,13,472
5522,13,473
5536,13,474
5552,13,475
5565,13,476
5589,13,478
5654,13,479
5620,13,480
5636,13,481
5649,13,482
5668,13,484
5733,13,485
5699,13,486
5715,13,487
5728,13,488
5747,13,490
5764,13,491
5778,13,492
5794,13,493
5807,13,494
5814,13,496
5831,13,497
5845,13,498
5861,13,499
5874,13,500
14,14,1
1015,14,5
189,14,6
599,14,7
1032,14,8
94,14,11
106,14,12
116,14,13
128,14,14
142,14,17
154,14,18
164,14,19
176,14,20
199,14,23
211,14,24
221,14,25
233,14,26
247,14,29
259,14,30
269,14,31
281,14,32
295,14,35
307,14,36
317,14,37
329,14,38
864,14,41
369,14,42
381,14,43
391,14,44
403,14,45
417,14,48
429,14,49
439,14,50
451,14,51
465,14,54
477,14,55
487,14,56
499,14,57
513,14,60
525,14,61
535,14,62
547,14,63
629,14,66
641,14,67
651,14,68
663,14,69
677,14,72
689,14,73
699,14,74
711,14,75
725,14,78
737,14,79
747,14,80
759,14,81
776,14,85
792,14,86
806,14,87
822,14,88
1053,14,100
1070,14,101
1084,14,102
1100,14,103
1119,14,106
1136,14,107
1150,14,108
1166,14,109
1185,14,112
1202,14,113
1216,14,114
1232,14,115
1251,14,118
1268,14,119
1282,14,120
1298,14,121
1317,14,124
1382,14,125
1348,14,126
1364,14,127
1396,14,130
1413,14,131
1427,14,132
1443,14,133
1462,14,136
1527,14,137
1493,14,138
1509,14,139
1607,14,142
1558,14,143
1572,14,144
1588,14,145
1625,14,148
1690,14,149
1656,14,150
1672,14,151
1704,14,154
1721,14,155
1735,14,156
1751,14,157
1770,14,160
1787,14,161
1801,14,162
1817,14,163
1836,14,166
1853,14,167
1867,14,168
1883,14,169
1902,14,172
1919,14,173
1933,14,174
1949,14,175
1968,14,178
1985,14,179
1999,14,180
2015,14,181
2034,14,184
2051,14,185
2065,14,186
2081,14,187
2100,14,190
2117,14,191
2131,14,192
2147,14,193
2232,14,196
2249,14,197
2197,14,198
2213,14,199
2263,14,202
2280,14,203
2294,14,204
2310,14,205
2329,14,208
2346,14,209
2360,14,210
2376,14,211
2395,14,214
2412,14,215
2426,14,216
2442,14,217
2461,14,220
2478,14,221
2492,14,222
2508,14,223
2527,14,226
2544,14,227
2558,14,228
2574,14,229
2593,14,232
2658,14,233
2624,14,234
2640,14,235
2672,14,238
2737,14,239
2703,14,240
2719,14,241
2751,14,244
2816,14,245
2782,14,246
2798,14,247
2830,14,250
2847,14,251
2861,14,252
2877,14,253
2962,14,256
2979,14,257
2927,14,258
2943,14,259
2993,14,262
3010,14,263
3024,14,264
3040,14,265
3059,14,268
3076,14,269
3090,14,270
3106,14,271
3125,14,274
3142,14,275
3156,14,276
3172,14,277
3257,14,280
3208,14,281
3222,14,282
3238,14,283
3275,14,286
3340,14,287
3306,14,288
3322,14,289
3354,14,292
3419,14,293
3385,14,294
3401,14,295
3433,14,298
3450,14,299
3464,14,300
3480,14,301
3500,14,304
3517,14,305
3531,14,306
3547,14,307
3566,14,310
3583,14,311
3597,14,312
3613,14,313
3632,14,316
3697,14,317
3663,14,318
3679,14,319
3711,14,322
3728,14,323
3742,14,324
3758,14,325
3777,14,328
3842,14,329
3808,14,330
3824,14,331
3922,14,334
3873,14,335
3887,14,336
3903,14,337
3940,14,340
4005,14,341
3971,14,342
3987,14,343
4019,14,346
4036,14,347
4050,14,348
4066,14,349
4085,14,352
4102,14,353
4116,14,354
4132,14,355
4151,14,358
4168,14,359
4182,14,360
4198,14,361
4217,14,364
4234,14,365
4248,14,366
4264,14,367
4283,14,370
4300,14,371
4314,14,372
4330,14,373
4349,14,376
4366,14,377
4380,14,378
4396,14,379
4415,14,382
4432,14,383
4446,14,384
4462,14,385
4547,14,388
4564,14,389
4512,14,390
4528,14,391
4578,14,394
4595,14,395
4609,14,396
4625,14,397
4644,14,400
4661,14,401
4675,14,402
4691,14,403
4710,14,406
4727,14,407
4741,14,408
4757,14,409
4776,14,412
4793,14,413
4807,14,414
4823,14,415
4842,14,418
4859,14,419
4873,14,420
4889,14,421
4908,14,424
4973,14,425
4939,14,426
4955,14,427
4987,14,430
5052,14,431
5018,14,432
5034,14,433
5066,14,436
5131,14,437
5097,14,438
5113,14,439
5145,14,442
5162,14,443
5176,14,444
5192,14,445
5277,14,448
5294,14,449
5242,14,450
5258,14,451
5308,14,454
5325,14,455
5339,14,456
5355,14,457
5374,14,460
5391,14,461
5405,14,462
5421,14,463
5440,14,466
5457,14,467
5471,14,468
5487,14,469
5572,14,472
5523,14,473
5537,14,474
5553,14,475
5590,14,478
5655,14,479
5621,14,480
5637,14,481
5669,14,484
5734,14,485
5700,14,486
5716,14,487
5748,14,490
5765,14,491
5779,14,492
5795,14,493
5815,14,496
5832,14,497
5846,14,498
5862,14,499
15,15,1
943,15,10
865,15,41
16,16,1
1016,16,5
600,16,7
97,16,11
118,16,13
145,16,17
166,16,19
202,16,23
223,16,25
250,16,29
271,16,31
298,16,35
319,16,37
866,16,41
372,16,42
393,16,44
420,16,48
441,16,50
468,16,54
489,16,56
516,16,60
537,16,62
632,16,66
653,16,68
680,16,72
701,16,74
728,16,78
749,16,80
780,16,85
809,16,87
1057,16,100
1087,16,102
1123,16,106
1153,16,108
1189,16,112
1219,16,114
1255,16,118
1285,16,120
1321,16,124
1351,16,126
1400,16,130
1430,16,132
1466,16,136
1496,16,138
1611,16,142
1575,16,144
1629,16,148
1659,16,150
1708,16,154
1738,16,156
1774,16,160
1804,16,162
1840,16,166
1870,16,168
1906,16,172
1936,16,174
1972,16,178
2002,16,180
2038,16,184
2068,16,186
2104,16,190
2134,16,192
2236,16,196
2200,16,198
2267,16,202
2297,16,204
2333,16,208
2363,16,210
2399,16,214
2429,16,216
2465,16,220
2495,16,222
2531,16,226
2561,16,228
2597,16,232
2627,16,234
2676,16,238
2706,16,240
2755,16,244
2785,16,246
2834,16,250
2864,16,252
2966,16,256
2930,16,258
2997,16,262
3027,16,264
3063,16,268
3093,16,270
3129,16,274
3159,16,276
3261,16,280
3225,16,282
3279,16,286
3309,16,288
3358,16,292
3388,16,294
3437,16,298
3467,16,300
3504,16,304
3534,16,306
3570,16,310
3600,16,312
3636,16,316
3666,16,318
3715,16,322
3745,16,324
3781,16,328
3811,16,330
3926,16,334
3890,16,336
3944,16,340
3974,16,342
4023,16,346
4053,16,348
4089,16,352
4119,16,354
4155,16,358
4185,16,360
4221,16,364
4251,16,366
4287,16,370
4317,16,372
4353,16,376
4383,16,378
4419,16,382
4449,16,384
4551,16,388
4515,16,390
4582,16,394
4612,16,396
4648,16,400
4678,16,402
4714,16,406
4744,16,408
4780,16,412
4810,16,414
4846,16,418
4876,16,420
4912,16,424
4942,16,426
4991,16,430
5021,16,432
5070,16,436
5100,16,438
5149,16,442
5179,16,444
5281,16,448
5245,16,450
5312,16,454
5342,16,456
5378,16,460
5408,16,462
5444,16,466
5474,16,468
5576,16,472
5540,16,474
5594,16,478
5624,16,480
5673,16,484
5703,16,486
5752,16,490
5782,16,492
5819,16,496
5849,16,498
17,17,1
867,17,41
18,18,1
1017,18,5
601,18,7
96,18,11
117,18,13
144,18,17
165,18,19
201,18,23
222,18,25
249,18,29
270,18,31
297,18,35
318,18,37
868,18,41
371,18,42
392,18,44
419,18,48
440,18,50
467,18,54
488,18,56
515,18,60
536,18,62
631,18,66
652,18,68
679,18,72
700,18,74
727,18,78
748,18,80
779,18,85
808,18,87
1056,18,100
1086,18,102
1122,18,106
1152,18,108
1188,18,112
1218,18,114
1254,18,118
1284,18,120
1320,18,124
1350,18,126
1399,18,130
1429,18,132
1465,18,136
1495,18,138
1610,18,142
1574,18,144
1628,18,148
1658,18,150
1707,18,154
1737,18,156
1773,18,160
1803,18,162
1839,18,166
1869,18,168
1905,18,172
1935,18,174
1971,18,178
2001,18,180
2037,18,184
2067,18,186
2103,18,190
2133,18,192
2235,18,196
2199,18,198
2266,18,202
2296,18,204
2332,18,208
2362,18,210
2398,18,214
2428,18,216
2464,18,220
2494,18,222
2530,18,226
2560,18,228
2596,18,232
2626,18,234
2675,18,238
2705,18,240
2754,18,244
2784,18,246
2833,18,250
2863,18,252
2965,18,256
2929,18,258
2996,18,262
3026,18,264
3062,18,268
3092,18,270
3128,18,274
3158,18,276
3260,18,280
3224,18,282
3278,18,286
3308,18,288
3357,18,292
3387,18,294
3436,18,298
3466,18,300
3503,18,304
3533,18,306
3569,18,310
3599,18,312
3635,18,316
3665,18,318
3714,18,322
3744,18,324
3780,18,328
3810,18,330
3925,18,334
3889,18,336
3943,18,340
3973,18,342
4022,18,346
4052,18,348
4088,18,352
4118,18,354
4154,18,358
4184,18,360
4220,18,364
4250,18,366
4286,18,370
4316,18,372
4352,18,376
4382,18,378
4418,18,382
4448,18,384
4550,18,388
4514,18,390
4581,18,394
4611,18,396
4647,18,400
4677,18,402
4713,18,406
4743,18,408
4779,18,412
4809,18,414
4845,18,418
4875,18,420
4911,18,424
4941,18,426
4990,18,430
5020,18,432
5069,18,436
5099,18,438
5148,18,442
5178,18,444
5280,18,448
5244,18,450
5311,18,454
5341,18,456
5377,18,460
5407,18,462
5443,18,466
5473,18,468
5575,18,472
5539,18,474
5593,18,478
5623,18,480
5672,18,484
5702,18,486
5751,18,490
5781,18,492
5818,18,496
5848,18,498
19,19,1
36,19,2
869,19,41
897,19,91
20,20,1
35,20,2
39,20,3
1018,20,5
190,20,6
602,20,7
1033,20,8
858,20,9
95,20,11
107,20,12
112,20,13
124,20,14
133,20,15
137,20,16
143,20,17
155,20,18
160,20,19
172,20,20
181,20,21
185,20,22
200,20,23
212,20,24
217,20,25
229,20,26
238,20,27
242,20,28
248,20,29
260,20,30
265,20,31
277,20,32
286,20,33
290,20,34
296,20,35
308,20,36
313,20,37
325,20,38
334,20,39
338,20,40
870,20,41
370,20,42
382,20,43
387,20,44
399,20,45
408,20,46
412,20,47
418,20,48
430,20,49
435,20,50
447,20,51
456,20,52
460,20,53
466,20,54
478,20,55
483,20,56
495,20,57
504,20,58
508,20,59
514,20,60
526,20,61
531,20,62
543,20,63
552,20,64
556,20,65
630,20,66
642,20,67
647,20,68
659,20,69
668,20,70
672,20,71
678,20,72
690,20,73
695,20,74
707,20,75
716,20,76
720,20,77
726,20,78
738,20,79
743,20,80
755,20,81
764,20,82
768,20,83
778,20,85
794,20,86
802,20,87
818,20,88
831,20,89
835,20,90
898,20,91
1055,20,100
1072,20,101
1080,20,102
1096,20,103
1109,20,104
1114,20,105
1121,20,106
1138,20,107
1146,20,108
1162,20,109
1175,20,110
1180,20,111
1187,20,112
1204,20,113
1212,20,114
1228,20,115
1241,20,116
1246,20,117
1253,20,118
1270,20,119
1278,20,120
1294,20,121
1307,20,122
1312,20,123
1319,20,124
1384,20,125
1344,20,126
1360,20,127
1373,20,128
1378,20,129
1398,20,130
1415,20,131
1423,20,132
1439,20,133
1452,20,134
1457,20,135
1464,20,136
1529,20,137
1489,20,138
1505,20,139
1518,20,140
1523,20,141
1609,20,142
1560,20,143
1568,20,144
1584,20,145
1597,20,146
1602,20,147
1627,20,148
1692,20,149
1652,20,150
1668,20,151
1681,20,152
1686,20,153
1706,20,154
1723,20,155
1731,20,156
1747,20,157
1760,20,158
1765,20,159
1772,20,160
1789,20,161
1797,20,162
1813,20,163
1826,20,164
1831,20,165
1838,20,166
1855,20,167
1863,20,168
1879,20,169
1892,20,170
1897,20,171
1904,20,172
1921,20,173
1929,20,174
1945,20,175
1958,20,176
1963,20,177
1970,20,178
1987,20,179
1995,20,180
2011,20,181
2024,20,182
2029,20,183
2036,20,184
2053,20,185
2061,20,186
2077,20,187
2090,20,188
2095,20,189
2102,20,190
2119,20,191
2127,20,192
2143,20,193
2156,20,194
2161,20,195
2234,20,196
2251,20,197
2193,20,198
2209,20,199
2222,20,200
2227,20,201
2265,20,202
2282,20,203
2290,20,204
2306,20,205
2319,20,206
2324,20,207
2331,20,208
2348,20,209
2356,20,210
2372,20,211
2385,20,212
2390,20,213
2397,20,214
2414,20,215
2422,20,216
2438,20,217
2451,20,218
2456,20,219
2463,20,220
2480,20,221
2488,20,222
2504,20,223
2517,20,224
2522,20,225
2529,20,226
2546,20,227
2554,20,228
2570,20,229
2583,20,230
2588,20,231
2595,20,232
2660,20,233
2620,20,234
2636,20,235
2649,20,236
2654,20,237
2674,20,238
2739,20,239
2699,20,240
2715,20,241
2728,20,242
2733,20,243
2753,20,244
2818,20,245
2778,20,246
2794,20,247
2807,20,248
2812,20,249
2832,20,250
2849,20,251
2857,20,252
2873,20,253
2886,20,254
2891,20,255
2964,20,256
2981,20,257
2923,20,258
2939,20,259
2952,20,260
2957,20,261
2995,20,262
3012,20,263
3020,20,264
3036,20,265
3049,20,266
3054,20,267
3061,20,268
3078,20,269
3086,20,270
3102,20,271
3115,20,272
3120,20,273
3127,20,274
3144,20,275
3152,20,276
3168,20,277
3181,20,278
3186,20,279
3259,20,280
3210,20,281
3218,20,282
3234,20,283
3247,20,284
3252,20,285
3277,20,286
3342,20,287
3302,20,288
3318,20,289
3331,20,290
3336,20,291
3356,20,292
3421,20,293
3381,20,294
3397,20,295
3410,20,296
3415,20,297
3435,20,298
3452,20,299
3460,20,300
3476,20,301
3489,20,302
3495,20,303
3502,20,304
3519,20,305
3527,20,306
3543,20,307
3556,20,308
3561,20,309
3568,20,310
3585,20,311
3593,20,312
3609,20,313
3622,20,314
3627,20,315
3634,20,316
3699,20,317
3659,20,318
3675,20,319
3688,20,320
3693,20,321
3713,20,322
3730,20,323
3738,20,324
3754,20,325
3767,20,326
3772,20,327
3779,20,328
3844,20,329
3804,20,330
3820,20,331
3833,20,332
3838,20,333
3924,20,334
3875,20,335
3883,20,336
3899,20,337
3912,20,338
3917,20,339
3942,20,340
4007,20,341
3967,20,342
3983,20,343
3996,20,344
4001,20,345
4021,20,346
4038,20,347
4046,20,348
4062,20,349
4075,20,350
4080,20,351
4087,20,352
4104,20,353
4112,20,354
4128,20,355
4141,20,356
4146,20,357
4153,20,358
4170,20,359
4178,20,360
4194,20,361
4207,20,362
4212,20,363
4219,20,364
4236,20,365
4244,20,366
4260,20,367
4273,20,368
4278,20,369
4285,20,370
4302,20,371
4310,20,372
4326,20,373
4339,20,374
4344,20,375
4351,20,376
4368,20,377
4376,20,378
4392,20,379
4405,20,380
4410,20,381
4417,20,382
4434,20,383
4442,20,384
4458,20,385
4471,20,386
4476,20,387
4549,20,388
4566,20,389
4508,20,390
4524,20,391
4537,20,392
4542,20,393
4580,20,394
4597,20,395
4605,20,396
4621,20,397
4634,20,398
4639,20,399
4646,20,400
4663,20,401
4671,20,402
4687,20,403
4700,20,404
4705,20,405
4712,20,406
4729,20,407
4737,20,408
4753,20,409
4766,20,410
4771,20,411
4778,20,412
4795,20,413
4803,20,414
4819,20,415
4832,20,416
4837,20,417
4844,20,418
4861,20,419
4869,20,420
4885,20,421
4898,20,422
4903,20,423
4910,20,424
4975,20,425
4935,20,426
4951,20,427
4964,20,428
4969,20,429
4989,20,430
5054,20,431
5014,20,432
5030,20,433
5043,20,434
5048,20,435
5068,20,436
5133,20,437
5093,20,438
5109,20,439
5122,20,440
5127,20,441
5147,20,442
5164,20,443
5172,20,444
5188,20,445
5201,20,446
5206,20,447
5279,20,448
5296,20,449
5238,20,450
5254,20,451
5267,20,452
5272,20,453
5310,20,454
5327,20,455
5335,20,456
5351,20,457
5364,20,458
5369,20,459
5376,20,460
5393,20,461
5401,20,462
5417,20,463
5430,20,464
5435,20,465
5442,20,466
5459,20,467
5467,20,468
5483,20,469
5496,20,470
5501,20,471
5574,20,472
5525,20,473
5533,20,474
5549,20,475
5562,20,476
5567,20,477
5592,20,478
5657,20,479
5617,20,480
5633,20,481
5646,20,482
5651,20,483
5671,20,484
5736,20,485
5696,20,486
5712,20,487
5725,20,488
5730,20,489
5750,20,490
5767,20,491
5775,20,492
5791,20,493
5804,20,494
5810,20,495
5817,20,496
5834,20,497
5842,20,498
5858,20,499
5871,20,500
5876,20,501
21,21,1
871,21,41
22,22,1
872,22,41
23,23,1
41,23,4
24,24,1
1019,24,5
191,24,6
603,24,7
1034,24,8
102,24,11
111,24,12
122,24,13
132,24,14
150,24,17
159,24,18
170,24,19
180,24,20
207,24,23
216,24,24
227,24,25
237,24,26
255,24,29
264,24,30
275,24,31
285,24,32
303,24,35
312,24,36
323,24,37
333,24,38
873,24,41
377,24,42
386,24,43
397,24,44
407,24,45
425,24,48
434,24,49
445,24,50
455,24,51
473,24,54
482,24,55
493,24,56
503,24,57
521,24,60
530,24,61
541,24,62
551,24,63
637,24,66
646,24,67
657,24,68
667,24,69
685,24,72
694,24,73
705,24,74
715,24,75
733,24,78
742,24,79
753,24,80
763,24,81
788,24,85
801,24,86
816,24,87
830,24,88
899,24,91
1065,24,100
1079,24,101
1094,24,102
1108,24,103
1131,24,106
1145,24,107
1160,24,108
1174,24,109
1197,24,112
1211,24,113
1226,24,114
1240,24,115
1263,24,118
1277,24,119
1292,24,120
1306,24,121
1329,24,124
1391,24,125
1358,24,126
1372,24,127
1408,24,130
1422,24,131
1437,24,132
1451,24,133
1474,24,136
1536,24,137
1503,24,138
1517,24,139
1619,24,142
1567,24,143
1582,24,144
1596,24,145
1637,24,148
1699,24,149
1666,24,150
1680,24,151
1716,24,154
1730,24,155
1745,24,156
1759,24,157
1782,24,160
1796,24,161
1811,24,162
1825,24,163
1848,24,166
1862,24,167
1877,24,168
1891,24,169
1914,24,172
1928,24,173
1943,24,174
1957,24,175
1980,24,178
1994,24,179
2009,24,180
2023,24,181
2046,24,184
2060,24,185
2075,24,186
2089,24,187
2112,24,190
2126,24,191
2141,24,192
2155,24,193
2244,24,196
2258,24,197
2207,24,198
2221,24,199
2275,24,202
2289,24,203
2304,24,204
2318,24,205
2341,24,208
2355,24,209
2370,24,210
2384,24,211
2407,24,214
2421,24,215
2436,24,216
2450,24,217
2473,24,220
2487,24,221
2502,24,222
2516,24,223
2539,24,226
2553,24,227
2568,24,228
2582,24,229
2605,24,232
2667,24,233
2634,24,234
2648,24,235
2684,24,238
2746,24,239
2713,24,240
2727,24,241
2763,24,244
2825,24,245
2792,24,246
2806,24,247
2842,24,250
2856,24,251
2871,24,252
2885,24,253
2974,24,256
2988,24,257
2937,24,258
2951,24,259
3005,24,262
3019,24,263
3034,24,264
3048,24,265
3071,24,268
3085,24,269
3100,24,270
3114,24,271
3137,24,274
3151,24,275
3166,24,276
3180,24,277
3269,24,280
3217,24,281
3232,24,282
3246,24,283
3287,24,286
3349,24,287
3316,24,288
3330,24,289
3366,24,292
3428,24,293
3395,24,294
3409,24,295
3445,24,298
3459,24,299
3474,24,300
3488,24,301
3512,24,304
3526,24,305
3541,24,306
3555,24,307
3578,24,310
3592,24,311
3607,24,312
3621,24,313
3644,24,316
3706,24,317
3673,24,318
3687,24,319
3723,24,322
3737,24,323
3752,24,324
3766,24,325
3789,24,328
3851,24,329
3818,24,330
3832,24,331
3934,24,334
3882,24,335
3897,24,336
3911,24,337
3952,24,340
4014,24,341
3981,24,342
3995,24,343
4031,24,346
4045,24,347
4060,24,348
4074,24,349
4097,24,352
4111,24,353
4126,24,354
4140,24,355
4163,24,358
4177,24,359
4192,24,360
4206,24,361
4229,24,364
4243,24,365
4258,24,366
4272,24,367
4295,24,370
4309,24,371
4324,24,372
4338,24,373
4361,24,376
4375,24,377
4390,24,378
4404,24,379
4427,24,382
4441,24,383
4456,24,384
4470,24,385
4559,24,388
4573,24,389
4522,24,390
4536,24,391
4590,24,394
4604,24,395
4619,24,396
4633,24,397
4656,24,400
4670,24,401
4685,24,402
4699,24,403
4722,24,406
4736,24,407
4751,24,408
4765,24,409
4788,24,412
4802,24,413
4817,24,414
4831,24,415
4854,24,418
4868,24,419
4883,24,420
4897,24,421
4920,24,424
4982,24,425
4949,24,426
4963,24,427
4999,24,430
5061,24,431
5028,24,432
5042,24,433
5078,24,436
5140,24,437
5107,24,438
5121,24,439
5157,24,442
5171,24,443
5186,24,444
5200,24,445
5289,24,448
5303,24,449
5252,24,450
5266,24,451
5320,24,454
5334,24,455
5349,24,456
5363,24,457
5386,24,460
5400,24,461
5415,24,462
5429,24,463
5452,24,466
5466,24,467
5481,24,468
5495,24,469
5584,24,472
5532,24,473
5547,24,474
5561,24,475
5602,24,478
5664,24,479
5631,24,480
5645,24,481
5681,24,484
5743,24,485
5710,24,486
5724,24,487
5760,24,490
5774,24,491
5789,24,492
5803,24,493
5827,24,496
5841,24,497
5856,24,498
5870,24,499
25,25,1
874,25,41
26,26,1
1020,26,5
192,26,6
604,26,7
1035,26,8
98,26,11
108,26,12
119,26,13
129,26,14
146,26,17
156,26,18
167,26,19
177,26,20
203,26,23
213,26,24
224,26,25
234,26,26
251,26,29
261,26,30
272,26,31
282,26,32
299,26,35
309,26,36
320,26,37
330,26,38
875,26,41
373,26,42
383,26,43
394,26,44
404,26,45
421,26,48
431,26,49
442,26,50
452,26,51
469,26,54
479,26,55
490,26,56
500,26,57
517,26,60
527,26,61
538,26,62
548,26,63
633,26,66
643,26,67
654,26,68
664,26,69
681,26,72
691,26,73
702,26,74
712,26,75
729,26,78
739,26,79
750,26,80
760,26,81
781,26,85
795,26,86
810,26,87
824,26,88
1058,26,100
1073,26,101
1088,26,102
1102,26,103
1124,26,106
1139,26,107
1154,26,108
1168,26,109
1190,26,112
1205,26,113
1220,26,114
1234,26,115
1256,26,118
1271,26,119
1286,26,120
1300,26,121
1322,26,124
1385,26,125
1352,26,126
1366,26,127
1401,26,130
1416,26,131
1431,26,132
1445,26,133
1467,26,136
1530,26,137
1497,26,138
1511,26,139
1612,26,142
1561,26,143
1576,26,144
1590,26,145
1630,26,148
1693,26,149
1660,26,150
1674,26,151
1709,26,154
1724,26,155
1739,26,156
1753,26,157
1775,26,160
1790,26,161
1805,26,162
1819,26,163
1841,26,166
1856,26,167
1871,26,168
1885,26,169
1907,26,172
1922,26,173
1937,26,174
1951,26,175
1973,26,178
1988,26,179
2003,26,180
2017,26,181
2039,26,184
2054,26,185
2069,26,186
2083,26,187
2105,26,190
2120,26,191
2135,26,192
2149,26,193
2237,26,196
2252,26,197
2201,26,198
2215,26,199
2268,26,202
2283,26,203
2298,26,204
2312,26,205
2334,26,208
2349,26,209
2364,26,210
2378,26,211
2400,26,214
2415,26,215
2430,26,216
2444,26,217
2466,26,220
2481,26,221
2496,26,222
2510,26,223
2532,26,226
2547,26,227
2562,26,228
2576,26,229
2598,26,232
2661,26,233
2628,26,234
2642,26,235
2677,26,238
2740,26,239
2707,26,240
2721,26,241
2756,26,244
2819,26,245
2786,26,246
2800,26,247
2835,26,250
2850,26,251
2865,26,252
2879,26,253
2967,26,256
2982,26,257
2931,26,258
2945,26,259
2998,26,262
3013,26,263
3028,26,264
3042,26,265
3064,26,268
3079,26,269
3094,26,270
3108,26,271
3130,26,274
3145,26,275
3160,26,276
3174,26,277
3262,26,280
3211,26,281
3226,26,282
3240,26,283
3280,26,286
3343,26,287
3310,26,288
3324,26,289
3359,26,292
3422,26,293
3389,26,294
3403,26,295
3438,26,298
3453,26,299
3468,26,300
3482,26,301
3505,26,304
3520,26,305
3535,26,306
3549,26,307
3571,26,310
3586,26,311
3601,26,312
3615,26,313
3637,26,316
3700,26,317
3667,26,318
3681,26,319
3716,26,322
3731,26,323
3746,26,324
3760,26,325
3782,26,328
3845,26,329
3812,26,330
3826,26,331
3927,26,334
3876,26,335
3891,26,336
3905,26,337
3945,26,340
4008,26,341
3975,26,342
3989,26,343
4024,26,346
4039,26,347
4054,26,348
4068,26,349
4090,26,352
4105,26,353
4120,26,354
4134,26,355
4156,26,358
4171,26,359
4186,26,360
4200,26,361
4222,26,364
4237,26,365
4252,26,366
4266,26,367
4288,26,370
4303,26,371
4318,26,372
4332,26,373
4354,26,376
4369,26,377
4384,26,378
4398,26,379
4420,26,382
4435,26,383
4450,26,384
4464,26,385
4552,26,388
4567,26,389
4516,26,390
4530,26,391
4583,26,394
4598,26,395
4613,26,396
4627,26,397
4649,26,400
4664,26,401
4679,26,402
4693,26,403
4715,26,406
4730,26,407
4745,26,408
4759,26,409
4781,26,412
4796,26,413
4811,26,414
4825,26,415
4847,26,418
4862,26,419
4877,26,420
4891,26,421
4913,26,424
4976,26,425
4943,26,426
4957,26,427
4992,26,430
5055,26,431
5022,26,432
5036,26,433
5071,26,436
5134,26,437
5101,26,438
5115,26,439
5150,26,442
5165,26,443
5180,26,444
5194,26,445
5282,26,448
5297,26,449
5246,26,450
5260,26,451
5313,26,454
5328,26,455
5343,26,456
5357,26,457
5379,26,460
5394,26,461
5409,26,462
5423,26,463
5445,26,466
5460,26,467
5475,26,468
5489,26,469
5577,26,472
5526,26,473
5541,26,474
5555,26,475
5595,26,478
5658,26,479
5625,26,480
5639,26,481
5674,26,484
5737,26,485
5704,26,486
5718,26,487
5753,26,490
5768,26,491
5783,26,492
5797,26,493
5820,26,496
5835,26,497
5850,26,498
5864,26,499
27,27,1
1021,27,5
193,27,6
605,27,7
1036,27,8
99,27,11
109,27,12
120,27,13
130,27,14
147,27,17
157,27,18
168,27,19
178,27,20
204,27,23
214,27,24
225,27,25
235,27,26
252,27,29
262,27,30
273,27,31
283,27,32
300,27,35
310,27,36
321,27,37
331,27,38
876,27,41
374,27,42
384,27,43
395,27,44
405,27,45
422,27,48
432,27,49
443,27,50
453,27,51
470,27,54
480,27,55
491,27,56
501,27,57
518,27,60
528,27,61
539,27,62
549,27,63
634,27,66
644,27,67
655,27,68
665,27,69
682,27,72
692,27,73
703,27,74
713,27,75
730,27,78
740,27,79
751,27,80
761,27,81
782,27,85
796,27,86
811,27,87
825,27,88
1059,27,100
1074,27,101
1089,27,102
1103,27,103
1125,27,106
1140,27,107
1155,27,108
1169,27,109
1191,27,112
1206,27,113
1221,27,114
1235,27,115
1257,27,118
1272,27,119
1287,27,120
1301,27,121
1323,27,124
1386,27,125
1353,27,126
1367,27,127
1402,27,130
1417,27,131
1432,27,132
1446,27,133
1468,27,136
1531,27,137
1498,27,138
1512,27,139
1613,27,142
1562,27,143
1577,27,144
1591,27,145
1631,27,148
1694,27,149
1661,27,150
1675,27,151
1710,27,154
1725,27,155
1740,27,156
1754,27,157
1776,27,160
1791,27,161
1806,27,162
1820,27,163
1842,27,166
1857,27,167
1872,27,168
1886,27,169
1908,27,172
1923,27,173
1938,27,174
1952,27,175
1974,27,178
1989,27,179
2004,27,180
2018,27,181
2040,27,184
2055,27,185
2070,27,186
2084,27,187
2106,27,190
2121,27,191
2136,27,192
2150,27,193
2238,27,196
2253,27,197
2202,27,198
2216,27,199
2269,27,202
2284,27,203
2299,27,204
2313,27,205
2335,27,208
2350,27,209
2365,27,210
2379,27,211
2401,27,214
2416,27,215
2431,27,216
2445,27,217
2467,27,220
2482,27,221
2497,27,222
2511,27,223
2533,27,226
2548,27,227
2563,27,228
2577,27,229
2599,27,232
2662,27,233
2629,27,234
2643,27,235
2678,27,238
2741,27,239
2708,27,240
2722,27,241
2757,27,244
2820,27,245
2787,27,246
2801,27,247
2836,27,250
2851,27,251
2866,27,252
2880,27,253
2968,27,256
2983,27,257
2932,27,258
2946,27,259
2999,27,262
3014,27,263
3029,27,264
3043,27,265
3065,27,268
3080,27,269
3095,27,270
3109,27,271
3131,27,274
3146,27,275
3161,27,276
3175,27,277
3263,27,280
3212,27,281
3227,27,282
3241,27,283
3281,27,286
3344,27,287
3311,27,288
3325,27,289
3360,27,292
3423,27,293
3390,27,294
3404,27,295
3439,27,298
3454,27,299
3469,27,300
3483,27,301
3506,27,304
3521,27,305
3536,27,306
3550,27,307
3572,27,310
3587,27,311
3602,27,312
3616,27,313
3638,27,316
3701,27,317
3668,27,318
3682,27,319
3717,27,322
3732,27,323
3747,27,324
3761,27,325
3783,27,328
3846,27,329
3813,27,330
3827,27,331
3928,27,334
3877,27,335
3892,27,336
3906,27,337
3946,27,340
4009,27,341
3976,27,342
3990,27,343
4025,27,346
4040,27,347
4055,27,348
4069,27,349
4091,27,352
4106,27,353
4121,27,354
4135,27,355
4157,27,358
4172,27,359
4187,27,360
4201,27,361
4223,27,364
4238,27,365
4253,27,366
4267,27,367
4289,27,370
4304,27,371
4319,27,372
4333,27,373
4355,27,376
4370,27,377
4385,27,378
4399,27,379
4421,27,382
4436,27,383
4451,27,384
4465,27,385
4553,27,388
4568,27,389
4517,27,390
4531,27,391
4584,27,394
4599,27,395
4614,27,396
4628,27,397
4650,27,400
4665,27,401
4680,27,402
4694,27,403
4716,27,406
4731,27,407
4746,27,408
4760,27,409
4782,27,412
4797,27,413
4812,27,414
4826,27,415
4848,27,418
4863,27,419
4878,27,420
4892,27,421
4914,27,424
4977,27,425
4944,27,426
4958,27,427
4993,27,430
5056,27,431
5023,27,432
5037,27,433
5072,27,436
5135,27,437
5102,27,438
5116,27,439
5151,27,442
5166,27,443
5181,27,444
5195,27,445
5283,27,448
5298,27,449
5247,27,450
5261,27,451
5314,27,454
5329,27,455
5344,27,456
5358,27,457
5380,27,460
5395,27,461
5410,27,462
5424,27,463
5446,27,466
5461,27,467
5476,27,468
5490,27,469
5578,27,472
5527,27,473
5542,27,474
5556,27,475
5596,27,478
5659,27,479
5626,27,480
5640,27,481
5675,27,484
5738,27,485
5705,27,486
5719,27,487
5754,27,490
5769,27,491
5784,27,492
5798,27,493
5821,27,496
5836,27,497
5851,27,498
5865,27,499
28,28,1
1022,28,5
194,28,6
606,28,7
1037,28,8
100,28,11
110,28,12
121,28,13
131,28,14
148,28,17
158,28,18
169,28,19
179,28,20
205,28,23
215,28,24
226,28,25
236,28,26
253,28,29
263,28,30
274,28,31
284,28,32
301,28,35
311,28,36
322,28,37
332,28,38
877,28,41
375,28,42
385,28,43
396,28,44
406,28,45
423,28,48
433,28,49
444,28,50
454,28,51
471,28,54
481,28,55
492,28,56
502,28,57
519,28,60
529,28,61
540,28,62
550,28,63
635,28,66
645,28,67
656,28,68
666,28,69
683,28,72
693,28,73
704,28,74
714,28,75
731,28,78
741,28,79
752,28,80
762,28,81
783,28,85
797,28,86
812,28,87
826,28,88
1060,28,100
1075,28,101
1090,28,102
1104,28,103
1126,28,106
1141,28,107
1156,28,108
1170,28,109
1192,28,112
1207,28,113
1222,28,114
1236,28,115
1258,28,118
1273,28,119
1288,28,120
1302,28,121
1324,28,124
1387,28,125
1354,28,126
1368,28,127
1403,28,130
1418,28,131
1433,28,132
1447,28,133
1469,28,136
1532,28,137
1499,28,138
1513,28,139
1614,28,142
1563,28,143
1578,28,144
1592,28,145
1632,28,148
1695,28,149
1662,28,150
1676,28,151
1711,28,154
1726,28,155
1741,28,156
1755,28,157
1777,28,160
1792,28,161
1807,28,162
1821,28,163
1843,28,166
1858,28,167
1873,28,168
1887,28,169
1909,28,172
1924,28,173
1939,28,174
1953,28,175
1975,28,178
1990,28,179
2005,28,180
2019,28,181
2041,28,184
2056,28,185
2071,28,186
2085,28,187
2107,28,190
2122,28,191
2137,28,192
2151,28,193
2239,28,196
2254,28,197
2203,28,198
2217,28,199
2270,28,202
2285,28,203
2300,28,204
2314,28,205
2336,28,208
2351,28,209
2366,28,210
2380,28,211
2402,28,214
2417,28,215
2432,28,216
2446,28,217
2468,28,220
2483,28,221
2498,28,222
2512,28,223
2534,28,226
2549,28,227
2564,28,228
2578,28,229
2600,28,232
2663,28,233
2630,28,234
2644,28,235
2679,28,238
2742,28,239
2709,28,240
2723,28,241
2758,28,244
2821,28,245
2788,28,246
2802,28,247
2837,28,250
2852,28,251
2867,28,252
2881,28,253
2969,28,256
2984,28,257
2933,28,258
2947,28,259
3000,28,262
3015,28,263
3030,28,264
3044,28,265
3066,28,268
3081,28,269
3096,28,270
3110,28,271
3132,28,274
3147,28,275
3162,28,276
3176,28,277
3264,28,280
3213,28,281
3228,28,282
3242,28,283
3282,28,286
3345,28,287
3312,28,288
3326,28,289
3361,28,292
3424,28,293
3391,28,294
3405,28,295
3440,28,298
3455,28,299
3470,28,300
3484,28,301
3507,28,304
3522,28,305
3537,28,306
3551,28,307
3573,28,310
3588,28,311
3603,28,312
3617,28,313
3639,28,316
3702,28,317
3669,28,318
3683,28,319
3718,28,322
3733,28,323
3748,28,324
3762,28,325
3784,28,328
3847,28,329
3814,28,330
3828,28,331
3929,28,334
3878,28,335
3893,28,336
3907,28,337
3947,28,340
4010,28,341
3977,28,342
3991,28,343
4026,28,346
4041,28,347
4056,28,348
4070,28,349
4092,28,352
4107,28,353
4122,28,354
4136,28,355
4158,28,358
4173,28,359
4188,28,360
4202,28,361
4224,28,364
4239,28,365
4254,28,366
4268,28,367
4290,28,370
4305,28,371
4320,28,372
4334,28,373
4356,28,376
4371,28,377
4386,28,378
4400,28,379
4422,28,382
4437,28,383
4452,28,384
4466,28,385
4554,28,388
4569,28,389
4518,28,390
4532,28,391
4585,28,394
4600,28,395
4615,28,396
4629,28,397
4651,28,400
4666,28,401
4681,28,402
4695,28,403
4717,28,406
4732,28,407
4747,28,408
4761,28,409
4783,28,412
4798,28,413
4813,28,414
4827,28,415
4849,28,418
4864,28,419
4879,28,420
4893,28,421
4915,28,424
4978,28,425
4945,28,426
4959,28,427
4994,28,430
5057,28,431
5024,28,432
5038,28,433
5073,28,436
5136,28,437
5103,28,438
5117,28,439
5152,28,442
5167,28,443
5182,28,444
5196,28,445
5284,28,448
5299,28,449
5248,28,450
5262,28,451
5315,28,454
5330,28,455
5345,28,456
5359,28,457
5381,28,460
5396,28,461
5411,28,462
5425,28,463
5447,28,466
5462,28,467
5477,28,468
5491,28,469
5579,28,472
5528,28,473
5543,28,474
5557,28,475
5597,28,478
5660,28,479
5627,28,480
5641,28,481
5676,28,484
5739,28,485
5706,28,486
5720,28,487
5755,28,490
5770,28,491
5785,28,492
5799,28,493
5822,28,496
5837,28,497
5852,28,498
5866,28,499
29,29,1
607,29,7
123,29,13
171,29,19
228,29,25
276,29,31
324,29,37
878,29,41
398,29,44
446,29,50
494,29,56
542,29,62
658,29,68
706,29,74
754,29,80
817,29,87
1095,29,102
1161,29,108
1227,29,114
1293,29,120
1359,29,126
1438,29,132
1504,29,138
1583,29,144
1667,29,150
1746,29,156
1812,29,162
1878,29,168
1944,29,174
2010,29,180
2076,29,186
2142,29,192
2208,29,198
2305,29,204
2371,29,210
2437,29,216
2503,29,222
2569,29,228
2635,29,234
2714,29,240
2793,29,246
2872,29,252
2938,29,258
3035,29,264
3101,29,270
3167,29,276
3233,29,282
3317,29,288
3396,29,294
3475,29,300
3542,29,306
3608,29,312
3674,29,318
3753,29,324
3819,29,330
3898,29,336
3982,29,342
4061,29,348
4127,29,354
4193,29,360
4259,29,366
4325,29,372
4391,29,378
4457,29,384
4523,29,390
4620,29,396
4686,29,402
4752,29,408
4818,29,414
4884,29,420
4950,29,426
5029,29,432
5108,29,438
5187,29,444
5253,29,450
5350,29,456
5416,29,462
5482,29,468
5548,29,474
5632,29,480
5711,29,486
5790,29,492
5857,29,498
30,30,1
879,30,41
31,31,1
1023,31,5
101,31,11
149,31,17
206,31,23
254,31,29
302,31,35
880,31,41
376,31,42
424,31,48
472,31,54
520,31,60
636,31,66
684,31,72
732,31,78
784,31,85
1061,31,100
1127,31,106
1193,31,112
1259,31,118
1325,31,124
1404,31,130
1470,31,136
1615,31,142
1633,31,148
1712,31,154
1778,31,160
1844,31,166
1910,31,172
1976,31,178
2042,31,184
2108,31,190
2240,31,196
2271,31,202
2337,31,208
2403,31,214
2469,31,220
2535,31,226
2601,31,232
2680,31,238
2759,31,244
2838,31,250
2970,31,256
3001,31,262
3067,31,268
3133,31,274
3265,31,280
3283,31,286
3362,31,292
3441,31,298
3508,31,304
3574,31,310
3640,31,316
3719,31,322
3785,31,328
3930,31,334
3948,31,340
4027,31,346
4093,31,352
4159,31,358
4225,31,364
4291,31,370
4357,31,376
4423,31,382
4555,31,388
4586,31,394
4652,31,400
4718,31,406
4784,31,412
4850,31,418
4916,31,424
4995,31,430
5074,31,436
5153,31,442
5285,31,448
5316,31,454
5382,31,460
5448,31,466
5580,31,472
5598,31,478
5677,31,484
5756,31,490
5823,31,496
32,32,1
1024,32,5
608,32,7
1038,32,8
881,32,41
836,32,84
777,32,85
793,32,86
807,32,87
823,32,88
1054,32,100
1071,32,101
1085,32,102
1101,32,103
1120,32,106
1137,32,107
1151,32,108
1167,32,109
1186,32,112
1203,32,113
1217,32,114
1233,32,115
1252,32,118
1269,32,119
1283,32,120
1299,32,121
1318,32,124
1383,32,125
1349,32,126
1365,32,127
1397,32,130
1414,32,131
1428,32,132
1444,32,133
1463,32,136
1528,32,137
1494,32,138
1510,32,139
1608,32,142
1559,32,143
1573,32,144
1589,32,145
1626,32,148
1691,32,149
1657,32,150
1673,32,151
1705,32,154
1722,32,155
1736,32,156
1752,32,157
1771,32,160
1788,32,161
1802,32,162
1818,32,163
1837,32,166
1854,32,167
1868,32,168
1884,32,169
1903,32,172
1920,32,173
1934,32,174
1950,32,175
1969,32,178
1986,32,179
2000,32,180
2016,32,181
2035,32,184
2052,32,185
2066,32,186
2082,32,187
2101,32,190
2118,32,191
2132,32,192
2148,32,193
2233,32,196
2250,32,197
2198,32,198
2214,32,199
2264,32,202
2281,32,203
2295,32,204
2311,32,205
2330,32,208
2347,32,209
2361,32,210
2377,32,211
2396,32,214
2413,32,215
2427,32,216
2443,32,217
2462,32,220
2479,32,221
2493,32,222
2509,32,223
2528,32,226
2545,32,227
2559,32,228
2575,32,229
2594,32,232
2659,32,233
2625,32,234
2641,32,235
2673,32,238
2738,32,239
2704,32,240
2720,32,241
2752,32,244
2817,32,245
2783,32,246
2799,32,247
2831,32,250
2848,32,251
2862,32,252
2878,32,253
2963,32,256
2980,32,257
2928,32,258
2944,32,259
2994,32,262
3011,32,263
3025,32,264
3041,32,265
3060,32,268
3077,32,269
3091,32,270
3107,32,271
3126,32,274
3143,32,275
3157,32,276
3173,32,277
3258,32,280
3209,32,281
3223,32,282
3239,32,283
3276,32,286
3341,32,287
3307,32,288
3323,32,289
3355,32,292
3420,32,293
3386,32,294
3402,32,295
3434,32,298
3451,32,299
3465,32,300
3481,32,301
3501,32,304
3518,32,305
3532,32,306
3548,32,307
3567,32,310
3584,32,311
3598,32,312
3614,32,313
3633,32,316
3698,32,317
3664,32,318
3680,32,319
3712,32,322
3729,32,323
3743,32,324
3759,32,325
3778,32,328
3843,32,329
3809,32,330
3825,32,331
3923,32,334
3874,32,335
3888,32,336
3904,32,337
3941,32,340
4006,32,341
3972,32,342
3988,32,343
4020,32,346
4037,32,347
4051,32,348
4067,32,349
4086,32,352
4103,32,353
4117,32,354
4133,32,355
4152,32,358
4169,32,359
4183,32,360
4199,32,361
4218,32,364
4235,32,365
4249,32,366
4265,32,367
4284,32,370
4301,32,371
4315,32,372
4331,32,373
4350,32,376
4367,32,377
4381,32,378
4397,32,379
4416,32,382
4433,32,383
4447,32,384
4463,32,385
4548,32,388
4565,32,389
4513,32,390
4529,32,391
4579,32,394
4596,32,395
4610,32,396
4626,32,397
4645,32,400
4662,32,401
4676,32,402
4692,32,403
4711,32,406
4728,32,407
4742,32,408
4758,32,409
4777,32,412
4794,32,413
4808,32,414
4824,32,415
4843,32,418
4860,32,419
4874,32,420
4890,32,421
4909,32,424
4974,32,425
4940,32,426
4956,32,427
4988,32,430
5053,32,431
5019,32,432
5035,32,433
5067,32,436
5132,32,437
5098,32,438
5114,32,439
5146,32,442
5163,32,443
5177,32,444
5193,32,445
5278,32,448
5295,32,449
5243,32,450
5259,32,451
5309,32,454
5326,32,455
5340,32,456
5356,32,457
5375,32,460
5392,32,461
5406,32,462
5422,32,463
5441,32,466
5458,32,467
5472,32,468
5488,32,469
5573,32,472
5524,32,473
5538,32,474
5554,32,475
5591,32,478
5656,32,479
5622,32,480
5638,32,481
5670,32,484
5735,32,485
5701,32,486
5717,32,487
5749,32,490
5766,32,491
5780,32,492
5796,32,493
5816,32,496
5833,32,497
5847,32,498
5863,32,499
33,33,1
1025,33,5
609,33,7
1039,33,8
882,33,41
837,33,84
785,33,85
798,33,86
813,33,87
827,33,88
1062,33,100
1076,33,101
1091,33,102
1105,33,103
1128,33,106
1142,33,107
1157,33,108
1171,33,109
1194,33,112
1208,33,113
1223,33,114
1237,33,115
1260,33,118
1274,33,119
1289,33,120
1303,33,121
1326,33,124
1388,33,125
1355,33,126
1369,33,127
1405,33,130
1419,33,131
1434,33,132
1448,33,133
1471,33,136
1533,33,137
1500,33,138
1514,33,139
1616,33,142
1564,33,143
1579,33,144
1593,33,145
1634,33,148
1696,33,149
1663,33,150
1677,33,151
1713,33,154
1727,33,155
1742,33,156
1756,33,157
1779,33,160
1793,33,161
1808,33,162
1822,33,163
1845,33,166
1859,33,167
1874,33,168
1888,33,169
1911,33,172
1925,33,173
1940,33,174
1954,33,175
1977,33,178
1991,33,179
2006,33,180
2020,33,181
2043,33,184
2057,33,185
2072,33,186
2086,33,187
2109,33,190
2123,33,191
2138,33,192
2152,33,193
2241,33,196
2255,33,197
2204,33,198
2218,33,199
2272,33,202
2286,33,203
2301,33,204
2315,33,205
2338,33,208
2352,33,209
2367,33,210
2381,33,211
2404,33,214
2418,33,215
2433,33,216
2447,33,217
2470,33,220
2484,33,221
2499,33,222
2513,33,223
2536,33,226
2550,33,227
2565,33,228
2579,33,229
2602,33,232
2664,33,233
2631,33,234
2645,33,235
2681,33,238
2743,33,239
2710,33,240
2724,33,241
2760,33,244
2822,33,245
2789,33,246
2803,33,247
2839,33,250
2853,33,251
2868,33,252
2882,33,253
2971,33,256
2985,33,257
2934,33,258
2948,33,259
3002,33,262
3016,33,263
3031,33,264
3045,33,265
3068,33,268
3082,33,269
3097,33,270
3111,33,271
3134,33,274
3148,33,275
3163,33,276
3177,33,277
3266,33,280
3214,33,281
3229,33,282
3243,33,283
3284,33,286
3346,33,287
3313,33,288
3327,33,289
3363,33,292
3425,33,293
3392,33,294
3406,33,295
3442,33,298
3456,33,299
3471,33,300
3485,33,301
3509,33,304
3523,33,305
3538,33,306
3552,33,307
3575,33,310
3589,33,311
3604,33,312
3618,33,313
3641,33,316
3703,33,317
3670,33,318
3684,33,319
3720,33,322
3734,33,323
3749,33,324
3763,33,325
3786,33,328
3848,33,329
3815,33,330
3829,33,331
3931,33,334
3879,33,335
3894,33,336
3908,33,337
3949,33,340
4011,33,341
3978,33,342
3992,33,343
4028,33,346
4042,33,347
4057,33,348
4071,33,349
4094,33,352
4108,33,353
4123,33,354
4137,33,355
4160,33,358
4174,33,359
4189,33,360
4203,33,361
4226,33,364
4240,33,365
4255,33,366
4269,33,367
4292,33,370
4306,33,371
4321,33,372
4335,33,373
4358,33,376
4372,33,377
4387,33,378
4401,33,379
4424,33,382
4438,33,383
4453,33,384
4467,33,385
4556,33,388
4570,33,389
4519,33,390
4533,33,391
4587,33,394
4601,33,395
4616,33,396
4630,33,397
4653,33,400
4667,33,401
4682,33,402
4696,33,403
4719,33,406
4733,33,407
4748,33,408
4762,33,409
4785,33,412
4799,33,413
4814,33,414
4828,33,415
4851,33,418
4865,33,419
4880,33,420
4894,33,421
4917,33,424
4979,33,425
4946,33,426
4960,33,427
4996,33,430
5058,33,431
5025,33,432
5039,33,433
5075,33,436
5137,33,437
5104,33,438
5118,33,439
5154,33,442
5168,33,443
5183,33,444
5197,33,445
5286,33,448
5300,33,449
5249,33,450
5263,33,451
5317,33,454
5331,33,455
5346,33,456
5360,33,457
5383,33,460
5397,33,461
5412,33,462
5426,33,463
5449,33,466
5463,33,467
5478,33,468
5492,33,469
5581,33,472
5529,33,473
5544,33,474
5558,33,475
5599,33,478
5661,33,479
5628,33,480
5642,33,481
5678,33,484
5740,33,485
5707,33,486
5721,33,487
5757,33,490
5771,33,491
5786,33,492
5800,33,493
5824,33,496
5838,33,497
5853,33,498
5867,33,499
34,34,1
1026,34,5
610,34,7
1040,34,8
883,34,41
786,34,85
799,34,86
814,34,87
828,34,88
1063,34,100
1077,34,101
1092,34,102
1106,34,103
1129,34,106
1143,34,107
1158,34,108
1172,34,109
1195,34,112
1209,34,113
1224,34,114
1238,34,115
1261,34,118
1275,34,119
1290,34,120
1304,34,121
1327,34,124
1389,34,125
1356,34,126
1370,34,127
1406,34,130
1420,34,131
1435,34,132
1449,34,133
1472,34,136
1534,34,137
1501,34,138
1515,34,139
1617,34,142
1565,34,143
1580,34,144
1594,34,145
1635,34,148
1697,34,149
1664,34,150
1678,34,151
1714,34,154
1728,34,155
1743,34,156
1757,34,157
1780,34,160
1794,34,161
1809,34,162
1823,34,163
1846,34,166
1860,34,167
1875,34,168
1889,34,169
1912,34,172
1926,34,173
1941,34,174
1955,34,175
1978,34,178
1992,34,179
2007,34,180
2021,34,181
2044,34,184
2058,34,185
2073,34,186
2087,34,187
2110,34,190
2124,34,191
2139,34,192
2153,34,193
2242,34,196
2256,34,197
2205,34,198
2219,34,199
2273,34,202
2287,34,203
2302,34,204
2316,34,205
2339,34,208
2353,34,209
2368,34,210
2382,34,211
2405,34,214
2419,34,215
2434,34,216
2448,34,217
2471,34,220
2485,34,221
2500,34,222
2514,34,223
2537,34,226
2551,34,227
2566,34,228
2580,34,229
2603,34,232
2665,34,233
2632,34,234
2646,34,235
2682,34,238
2744,34,239
2711,34,240
2725,34,241
2761,34,244
2823,34,245
2790,34,246
2804,34,247
2840,34,250
2854,34,251
2869,34,252
2883,34,253
2972,34,256
2986,34,257
2935,34,258
2949,34,259
3003,34,262
3017,34,263
3032,34,264
3046,34,265
3069,34,268
3083,34,269
3098,34,270
3112,34,271
3135,34,274
3149,34,275
3164,34,276
3178,34,277
3267,34,280
3215,34,281
3230,34,282
3244,34,283
3285,34,286
3347,34,287
3314,34,288
3328,34,289
3364,34,292
3426,34,293
3393,34,294
3407,34,295
3443,34,298
3457,34,299
3472,34,300
3486,34,301
3510,34,304
3524,34,305
3539,34,306
3553,34,307
3576,34,310
3590,34,311
3605,34,312
3619,34,313
3642,34,316
3704,34,317
3671,34,318
3685,34,319
3721,34,322
3735,34,323
3750,34,324
3764,34,325
3787,34,328
3849,34,329
3816,34,330
3830,34,331
3932,34,334
3880,34,335
3895,34,336
3909,34,337
3950,34,340
4012,34,341
3979,34,342
3993,34,343
4029,34,346
4043,34,347
4058,34,348
4072,34,349
4095,34,352
4109,34,353
4124,34,354
4138,34,355
4161,34,358
4175,34,359
4190,34,360
4204,34,361
4227,34,364
4241,34,365
4256,34,366
4270,34,367
4293,34,370
4307,34,371
4322,34,372
4336,34,373
4359,34,376
4373,34,377
4388,34,378
4402,34,379
4425,34,382
4439,34,383
4454,34,384
4468,34,385
4557,34,388
4571,34,389
4520,34,390
4534,34,391
4588,34,394
4602,34,395
4617,34,396
4631,34,397
4654,34,400
4668,34,401
4683,34,402
4697,34,403
4720,34,406
4734,34,407
4749,34,408
4763,34,409
4786,34,412
4800,34,413
4815,34,414
4829,34,415
4852,34,418
4866,34,419
4881,34,420
4895,34,421
4918,34,424
4980,34,425
4947,34,426
4961,34,427
4997,34,430
5059,34,431
5026,34,432
5040,34,433
5076,34,436
5138,34,437
5105,34,438
5119,34,439
5155,34,442
5169,34,443
5184,34,444
5198,34,445
5287,34,448
5301,34,449
5250,34,450
5264,34,451
5318,34,454
5332,34,455
5347,34,456
5361,34,457
5384,34,460
5398,34,461
5413,34,462
5427,34,463
5450,34,466
5464,34,467
5479,34,468
5493,34,469
5582,34,472
5530,34,473
5545,34,474
5559,34,475
5600,34,478
5662,34,479
5629,34,480
5643,34,481
5679,34,484
5741,34,485
5708,34,486
5722,34,487
5758,34,490
5772,34,491
5787,34,492
5801,34,493
5825,34,496
5839,34,497
5854,34,498
5868,34,499
364,35,1
1027,35,5
611,35,7
1041,35,8
787,35,85
800,35,86
815,35,87
829,35,88
1064,35,100
1078,35,101
1093,35,102
1107,35,103
1130,35,106
1144,35,107
1159,35,108
1173,35,109
1196,35,112
1210,35,113
1225,35,114
1239,35,115
1262,35,118
1276,35,119
1291,35,120
1305,35,121
1328,35,124
1390,35,125
1357,35,126
1371,35,127
1407,35,130
1421,35,131
1436,35,132
1450,35,133
1473,35,136
1535,35,137
1502,35,138
1516,35,139
1618,35,142
1566,35,143
1581,35,144
1595,35,145
1636,35,148
1698,35,149
1665,35,150
1679,35,151
1715,35,154
1729,35,155
1744,35,156
1758,35,157
1781,35,160
1795,35,161
1810,35,162
1824,35,163
1847,35,166
1861,35,167
1876,35,168
1890,35,169
1913,35,172
1927,35,173
1942,35,174
1956,35,175
1979,35,178
1993,35,179
2008,35,180
2022,35,181
2045,35,184
2059,35,185
2074,35,186
2088,35,187
2111,35,190
2125,35,191
2140,35,192
2154,35,193
2243,35,196
2257,35,197
2206,35,198
2220,35,199
2274,35,202
2288,35,203
2303,35,204
2317,35,205
2340,35,208
2354,35,209
2369,35,210
2383,35,211
2406,35,214
2420,35,215
2435,35,216
2449,35,217
2472,35,220
2486,35,221
2501,35,222
2515,35,223
2538,35,226
2552,35,227
2567,35,228
2581,35,229
2604,35,232
2666,35,233
2633,35,234
2647,35,235
2683,35,238
2745,35,239
2712,35,240
2726,35,241
2762,35,244
2824,35,245
2791,35,246
2805,35,247
2841,35,250
2855,35,251
2870,35,252
2884,35,253
2973,35,256
2987,35,257
2936,35,258
2950,35,259
3004,35,262
3018,35,263
3033,35,264
3047,35,265
3070,35,268
3084,35,269
3099,35,270
3113,35,271
3136,35,274
3150,35,275
3165,35,276
3179,35,277
3268,35,280
3216,35,281
3231,35,282
3245,35,283
3286,35,286
3348,35,287
3315,35,288
3329,35,289
3365,35,292
3427,35,293
3394,35,294
3408,35,295
3444,35,298
3458,35,299
3473,35,300
3487,35,301
3511,35,304
3525,35,305
3540,35,306
3554,35,307
3577,35,310
3591,35,311
3606,35,312
3620,35,313
3643,35,316
3705,35,317
3672,35,318
3686,35,319
3722,35,322
3736,35,323
3751,35,324
3765,35,325
3788,35,328
3850,35,329
3817,35,330
3831,35,331
3933,35,334
3881,35,335
3896,35,336
3910,35,337
3951,35,340
4013,35,341
3980,35,342
3994,35,343
4030,35,346
4044,35,347
4059,35,348
4073,35,349
4096,35,352
4110,35,353
4125,35,354
4139,35,355
4162,35,358
4176,35,359
4191,35,360
4205,35,361
4228,35,364
4242,35,365
4257,35,366
4271,35,367
4294,35,370
4308,35,371
4323,35,372
4337,35,373
4360,35,376
4374,35,377
4389,35,378
4403,35,379
4426,35,382
4440,35,383
4455,35,384
4469,35,385
4558,35,388
4572,35,389
4521,35,390
4535,35,391
4589,35,394
4603,35,395
4618,35,396
4632,35,397
4655,35,400
4669,35,401
4684,35,402
4698,35,403
4721,35,406
4735,35,407
4750,35,408
4764,35,409
4787,35,412
4801,35,413
4816,35,414
4830,35,415
4853,35,418
4867,35,419
4882,35,420
4896,35,421
4919,35,424
4981,35,425
4948,35,426
4962,35,427
4998,35,430
5060,35,431
5027,35,432
5041,35,433
5077,35,436
5139,35,437
5106,35,438
5120,35,439
5156,35,442
5170,35,443
5185,35,444
5199,35,445
5288,35,448
5302,35,449
5251,35,450
5265,35,451
5319,35,454
5333,35,455
5348,35,456
5362,35,457
5385,35,460
5399,35,461
5414,35,462
5428,35,463
5451,35,466
5465,35,467
5480,35,468
5494,35,469
5583,35,472
5531,35,473
5546,35,474
5560,35,475
5601,35,478
5663,35,479
5630,35,480
5644,35,481
5680,35,484
5742,35,485
5709,35,486
5723,35,487
5759,35,490
5773,35,491
5788,35,492
5802,35,493
5826,35,496
5840,35,497
5855,35,498
5869,35,499
928,36,1
1042,36,8
900,36,9
901,36,15
902,36,21
903,36,27
904,36,33
905,36,39
906,36,46
907,36,52
908,36,58
909,36,64
910,36,70
911,36,76
912,36,82
913,36,89
1113,36,104
1179,36,110
1245,36,116
1311,36,122
1377,36,128
1456,36,134
1522,36,140
1601,36,146
1685,36,152
1764,36,158
1830,36,164
1896,36,170
1962,36,176
2028,36,182
2094,36,188
2160,36,194
2226,36,200
2323,36,206
2389,36,212
2455,36,218
2521,36,224
2587,36,230
2653,36,236
2732,36,242
2811,36,248
2890,36,254
2956,36,260
3053,36,266
3119,36,272
3185,36,278
3251,36,284
3335,36,290
3414,36,296
3493,36,302
3560,36,308
3626,36,314
3692,36,320
3771,36,326
3837,36,332
3916,36,338
4000,36,344
4079,36,350
4145,36,356
4211,36,362
4277,36,368
4343,36,374
4409,36,380
4475,36,386
4541,36,392
4638,36,398
4704,36,404
4770,36,410
4836,36,416
4902,36,422
4968,36,428
5047,36,434
5126,36,440
5205,36,446
5271,36,452
5368,36,458
5434,36,464
5500,36,470
5566,36,476
5650,36,482
5729,36,488
5808,36,494
5875,36,500
929,37,1
1028,37,5
1043,37,8
915,37,11
916,37,17
917,37,23
918,37,29
919,37,35
920,37,42
921,37,48
922,37,54
923,37,60
924,37,66
925,37,72
926,37,78
927,37,85
1066,37,100
1132,37,106
1198,37,112
1264,37,118
1330,37,124
1409,37,130
1475,37,136
1620,37,142
1638,37,148
1717,37,154
1783,37,160
1849,37,166
1915,37,172
1981,37,178
2047,37,184
2113,37,190
2245,37,196
2276,37,202
2342,37,208
2408,37,214
2474,37,220
2540,37,226
2606,37,232
2685,37,238
2764,37,244
2843,37,250
2975,37,256
3006,37,262
3072,37,268
3138,37,274
3270,37,280
3288,37,286
3367,37,292
3446,37,298
3513,37,304
3579,37,310
3645,37,316
3724,37,322
3790,37,328
3935,37,334
3953,37,340
4032,37,346
4098,37,352
4164,37,358
4230,37,364
4296,37,370
4362,37,376
4428,37,382
4560,37,388
4591,37,394
4657,37,400
4723,37,406
4789,37,412
4855,37,418
4921,37,424
5000,37,430
5079,37,436
5158,37,442
5290,37,448
5321,37,454
5387,37,460
5453,37,466
5585,37,472
5603,37,478
5682,37,484
5761,37,490
5828,37,496
